vin,year,model,body,trim,engine,transmission,drivetrain,exterior_color,msrp,dealer,location,ordernum,json
1G6MG5R2XSU120014,2025,CELESTIQ,SEDAN,Invitational,None,None,AWD,LIQUID STEEL TRICOAT,431960,MOORE CADILLAC,"CHANTILLY, VA 20152-1307",DVBGTQ,"{""maker"": ""CADILLAC"", ""model_year"": ""2025"", ""mmc_code"": ""6G279"", ""vin"": ""1G6MG5R2XSU120014"", ""sitedealer_code"": ""05113"", ""sell_source"": ""12"", ""order_number"": ""DVBGTQ"", ""creation_date"": ""5/14/2026"", ""Options"":[""ACD"", ""AF6"", ""AGG"", ""AHE"", ""AHH"", ""AKE"", ""AKP"", ""AL0"", ""APJ"", ""AQA"", ""ARF"", ""AR9"", ""AT8"", ""AVK"", ""AVU"", ""AXJ"", ""AYG"", ""A06"", ""A2X"", ""A7K"", ""BOR"", ""B3V"", ""B5B"", ""B5C"", ""B7G"", ""B92"", ""CAP"", ""CEH"", ""CE1"", ""CHQ"", ""CTB"", ""CTN"", ""CWA"", ""C24"", ""C50"", ""C70"", ""DAE"", ""DCJ"", ""DDE"", ""DLY"", ""DRZ"", ""EAV"", ""EEA"", ""EF3"", ""EF7"", ""EHT"", ""EMI"", ""EN0"", ""EPH"", ""EZV"", ""EZZ"", ""FAC"", ""FE9"", ""FJP"", ""F2O"", ""F47"", ""F55"", ""GPV"", ""G8T"", ""HS1"", ""IHL"", ""IKP"", ""ISA"", ""IVE"", ""JFR"", ""J25"", ""KAG"", ""KB6"", ""KD5"", ""KEJ"", ""KI8"", ""KRV"", ""KSG"", ""K2O"", ""K3Z"", ""K4C"", ""K6J"", ""LHD"", ""MAH"", ""MF1"", ""NAM"", ""NF6"", ""NKR"", ""NYS"", ""N38"", ""N5X"", ""PB4"", ""PCP"", ""PCU"", ""PDA"", ""PDB"", ""PDF"", ""PDG"", ""PDL"", ""PDW"", ""PHX"", ""PPO"", ""PSC"", ""P9C"", ""QKI"", ""RAE"", ""RCG"", ""RSR"", ""R7I"", ""R7M"", ""R8R"", ""R9M"", ""R9N"", ""SLM"", ""S76"", ""TCP"", ""TDA"", ""TQ5"", ""TUI"", ""TUJ"", ""TVR"", ""TW8"", ""T4L"", ""T4Y"", ""T8Z"", ""T95"", ""UCV"", ""UEC"", ""UEN"", ""UEU"", ""UE1"", ""UFB"", ""UF2"", ""UGD"", ""UGN"", ""UG1"", ""UHO"", ""UH0"", ""UIT"", ""UKI"", ""UKK"", ""UKL"", ""UKT"", ""UKZ"", ""ULM"", ""UMN"", ""UOW"", ""UQH"", ""URB"", ""USK"", ""US3"", ""UTJ"", ""UTR"", ""UTU"", ""UTV"", ""UVX"", ""UVZ"", ""UV2"", ""UV3"", ""UW9"", ""U08"", ""U2K"", ""U5G"", ""VHM"", ""VRD"", ""VRF"", ""VRG"", ""VRH"", ""VRJ"", ""VRK"", ""VRL"", ""VRM"", ""VRN"", ""VRR"", ""VV4"", ""V8D"", ""WMZ"", ""WOT"", ""XFD"", ""XL8"", ""X0E"", ""Y7C"", ""0K2"", ""0ST"", ""016"", ""02C"", ""031"", ""044"", ""05A"", ""05R"", ""06F"", ""07A"", ""1NF"", ""1SC"", ""1SZ"", ""2NF"", ""2ST"", ""3ST"", ""37N"", ""4MD"", ""4ST"", ""5A7"", ""5FC"", ""5ST"", ""6X1"", ""7X1"", ""8X2"", ""9L3"", ""9X2""]}"
1G6MG5R21SU120015,2025,CELESTIQ,SEDAN,Invitational,None,None,AWD,CAROLINA BLUE,370260,MORRIS CADILLAC,"NORTH OLMSTED, OH 44070-2740",DVXJ88,"{""maker"": ""CADILLAC"", ""model_year"": ""2025"", ""mmc_code"": ""6G279"", ""vin"": ""1G6MG5R21SU120015"", ""sitedealer_code"": ""20323"", ""sell_source"": ""12"", ""order_number"": ""DVXJ88"", ""creation_date"": ""12/8/2025"", ""Options"":[""ACD"", ""AF6"", ""AGG"", ""AHE"", ""AHH"", ""AKE"", ""AKP"", ""AL0"", ""APJ"", ""AQA"", ""ARF"", ""AR9"", ""AT8"", ""AVK"", ""AVU"", ""AXJ"", ""AYG"", ""A06"", ""A2X"", ""A7K"", ""BOR"", ""B3V"", ""B5B"", ""B5C"", ""B7G"", ""CEK"", ""CE1"", ""CHQ"", ""CTB"", ""CWA"", ""C24"", ""C50"", ""C70"", ""DAE"", ""DDE"", ""DLY"", ""DRZ"", ""EAV"", ""EF3"", ""EF7"", ""EHT"", ""EMI"", ""EN0"", ""EPH"", ""EZV"", ""EZZ"", ""FAC"", ""FE9"", ""FJP"", ""F47"", ""F55"", ""GLN"", ""GPV"", ""HS1"", ""IKP"", ""IVE"", ""JFR"", ""J25"", ""KAG"", ""KB6"", ""KD5"", ""KEJ"", ""KI8"", ""KRV"", ""KSG"", ""K2O"", ""K3Z"", ""K4C"", ""K6J"", ""LHD"", ""MAH"", ""MF1"", ""NAM"", ""NF6"", ""NKR"", ""NYS"", ""N38"", ""N5X"", ""PB4"", ""PCN"", ""PCU"", ""PCY"", ""PDA"", ""PDB"", ""PDE"", ""PDF"", ""PDG"", ""PDL"", ""PDU"", ""PDW"", ""PPO"", ""PSC"", ""P9C"", ""QKI"", ""RAE"", ""RCM"", ""RSR"", ""R7I"", ""R7M"", ""R9M"", ""R9N"", ""SLM"", ""S76"", ""TCP"", ""TDA"", ""TQ5"", ""TUI"", ""TUJ"", ""TVR"", ""TW8"", ""T4L"", ""T4Y"", ""T8Z"", ""T95"", ""UCV"", ""UEC"", ""UEN"", ""UEU"", ""UE1"", ""UFB"", ""UF2"", ""UGD"", ""UGN"", ""UG1"", ""UHO"", ""UH0"", ""UKI"", ""UKK"", ""UKL"", ""UKT"", ""UKZ"", ""ULM"", ""UMN"", ""UOW"", ""UQH"", ""URB"", ""USK"", ""US3"", ""UTJ"", ""UTR"", ""UTU"", ""UTV"", ""UVX"", ""UVZ"", ""UV2"", ""UV3"", ""UW9"", ""U08"", ""U2K"", ""U5G"", ""VHM"", ""VK3"", ""VRD"", ""VRF"", ""VRG"", ""VRH"", ""VRJ"", ""VRK"", ""VRL"", ""VRM"", ""VRN"", ""VRR"", ""VV4"", ""V8D"", ""WMZ"", ""XFD"", ""XL8"", ""X0E"", ""Y7C"", ""0A4"", ""0ST"", ""02Y"", ""036"", ""04W"", ""05X"", ""06P"", ""07H"", ""1NF"", ""1SC"", ""1SZ"", ""2NF"", ""2ST"", ""3ST"", ""37V"", ""4MD"", ""4ST"", ""5A7"", ""5FC"", ""5ST"", ""6X1"", ""7X1"", ""8X2"", ""9L3"", ""9X2""]}"
1G6MG5R23SU120002,2025,CELESTIQ,SEDAN,Invitational,None,None,AWD,SEA WOLF TRICOAT,436385,KEVIN WHITAKER CADILLAC,"GREENVILLE, SC 29606-7029",DMZX7G,"{""maker"": ""CADILLAC"", ""model_year"": ""2025"", ""mmc_code"": ""6G279"", ""vin"": ""1G6MG5R23SU120002"", ""sitedealer_code"": ""25188"", ""sell_source"": ""12"", ""order_number"": ""DMZX7G"", ""creation_date"": ""5/14/2026"", ""Options"":[""ACD"", ""AF6"", ""AGG"", ""AHE"", ""AHH"", ""AKE"", ""AKP"", ""AL0"", ""APJ"", ""AQA"", ""ARF"", ""AR9"", ""AT8"", ""AVK"", ""AVU"", ""AXJ"", ""AYG"", ""A06"", ""A2X"", ""A7K"", ""BOR"", ""B3V"", ""B5B"", ""B5C"", ""B7G"", ""CAP"", ""CEV"", ""CE1"", ""CHQ"", ""CTB"", ""CWA"", ""C24"", ""C50"", ""C70"", ""DAE"", ""DDE"", ""DLY"", ""DRZ"", ""EAV"", ""EEB"", ""EF3"", ""EF7"", ""EHT"", ""EMI"", ""EN0"", ""EPH"", ""EZV"", ""EZZ"", ""FAC"", ""FCL"", ""FER"", ""FE9"", ""FJP"", ""F2U"", ""F47"", ""F55"", ""GPV"", ""GXA"", ""HS1"", ""IKP"", ""IVE"", ""JFR"", ""J25"", ""KAG"", ""KB6"", ""KD5"", ""KEJ"", ""KI8"", ""KRV"", ""KSG"", ""K2O"", ""K3Z"", ""K4C"", ""K6J"", ""LHD"", ""MAH"", ""MF1"", ""NAM"", ""NF6"", ""NKR"", ""NYS"", ""N38"", ""N5X"", ""PB4"", ""PCP"", ""PCU"", ""PDE"", ""PDF"", ""PDL"", ""PHT"", ""PKC"", ""PPO"", ""PSC"", ""P9C"", ""QKX"", ""RAE"", ""RSR"", ""R7I"", ""R7M"", ""R7W"", ""R9M"", ""R9N"", ""SLM"", ""S76"", ""TCP"", ""TDA"", ""TQ5"", ""TUI"", ""TUJ"", ""TVR"", ""TW8"", ""T4L"", ""T4Y"", ""T8Z"", ""T95"", ""UCV"", ""UEC"", ""UEN"", ""UEU"", ""UE1"", ""UFB"", ""UF2"", ""UGD"", ""UGN"", ""UG1"", ""UHO"", ""UH0"", ""UKI"", ""UKK"", ""UKL"", ""UKT"", ""UKZ"", ""ULM"", ""UMN"", ""UOW"", ""UQH"", ""URB"", ""USK"", ""US3"", ""UTJ"", ""UTR"", ""UTU"", ""UTV"", ""UVX"", ""UVZ"", ""UV2"", ""UV3"", ""UW9"", ""U08"", ""U2K"", ""U5G"", ""VHM"", ""VK3"", ""VRD"", ""VRF"", ""VRG"", ""VRH"", ""VRJ"", ""VRK"", ""VRL"", ""VRM"", ""VRN"", ""VRR"", ""VV4"", ""V8D"", ""WMZ"", ""WOT"", ""XFD"", ""XL8"", ""X0E"", ""YM8"", ""Y7C"", ""0A8"", ""0E8"", ""0ST"", ""01G"", ""02G"", ""037"", ""04P"", ""05I"", ""06N"", ""07C"", ""1LB"", ""1NF"", ""1SC"", ""1SZ"", ""2NF"", ""2ST"", ""3ST"", ""37A"", ""4MD"", ""4ST"", ""5A7"", ""5FC"", ""5ST"", ""6X1"", ""7X1"", ""8X2"", ""9L3"", ""9X2""]}"
1G6MG5R25SU120020,2025,CELESTIQ,SEDAN,Invitational,None,None,AWD,MOSS METALLIC,443775,CADILLAC OF NORWOOD,"NORWOOD, MA 02062-5222",FKSV1G,"{""maker"": ""CADILLAC"", ""model_year"": ""2025"", ""mmc_code"": ""6G279"", ""vin"": ""1G6MG5R25SU120020"", ""sitedealer_code"": ""24121"", ""sell_source"": ""12"", ""order_number"": ""FKSV1G"", ""creation_date"": ""1/13/2026"", ""Options"":[""ACD"", ""AF6"", ""AGG"", ""AHE"", ""AHH"", ""AKE"", ""AKP"", ""AL0"", ""APJ"", ""AQA"", ""ARF"", ""AR9"", ""AT8"", ""AVK"", ""AVU"", ""AXJ"", ""AYG"", ""A06"", ""A2X"", ""A7K"", ""BOR"", ""B3V"", ""B5B"", ""B5C"", ""B7G"", ""B92"", ""CAP"", ""CEU"", ""CE1"", ""CHQ"", ""CTB"", ""CWA"", ""C24"", ""C50"", ""C70"", ""DAE"", ""DCJ"", ""DDE"", ""DLY"", ""DRZ"", ""EAV"", ""EF3"", ""EF7"", ""EHN"", ""EHT"", ""EMI"", ""EN0"", ""EPH"", ""EZV"", ""EZZ"", ""FAB"", ""FDS"", ""FJP"", ""F47"", ""F55"", ""F9T"", ""GPV"", ""G9E"", ""HS1"", ""IHL"", ""IKP"", ""IVE"", ""JFR"", ""J25"", ""KAG"", ""KB6"", ""KD5"", ""KEJ"", ""KI8"", ""KRV"", ""KSG"", ""K2O"", ""K3Z"", ""K4C"", ""K6J"", ""LHD"", ""MAH"", ""MF1"", ""NAM"", ""NE1"", ""NF6"", ""NKR"", ""NYS"", ""N38"", ""N5X"", ""PB4"", ""PCP"", ""PCU"", ""PDA"", ""PDF"", ""PDL"", ""PHR"", ""PKC"", ""PPO"", ""PSC"", ""P9C"", ""QKX"", ""RAE"", ""RFZ"", ""RSR"", ""RWH"", ""R7I"", ""R7M"", ""R9M"", ""R9N"", ""SLM"", ""S76"", ""TCP"", ""TDA"", ""TQ5"", ""TUI"", ""TUJ"", ""TVR"", ""TW8"", ""T4L"", ""T4Y"", ""T8Z"", ""T95"", ""UCV"", ""UEC"", ""UEN"", ""UEU"", ""UE1"", ""UFB"", ""UF2"", ""UGD"", ""UGN"", ""UG1"", ""UHO"", ""UH0"", ""UKI"", ""UKK"", ""UKL"", ""UKT"", ""UKZ"", ""ULM"", ""UMN"", ""UOW"", ""UQH"", ""URB"", ""USK"", ""US3"", ""UTJ"", ""UTR"", ""UTU"", ""UTV"", ""UUA"", ""UVX"", ""UVZ"", ""UV2"", ""UV3"", ""UW9"", ""U08"", ""U2K"", ""U5G"", ""VHM"", ""VK3"", ""VRD"", ""VRF"", ""VRG"", ""VRH"", ""VRJ"", ""VRK"", ""VRL"", ""VRM"", ""VRN"", ""VRR"", ""VV4"", ""V8D"", ""WMZ"", ""WOT"", ""XFD"", ""XL8"", ""X0E"", ""YM8"", ""Y7C"", ""0A6"", ""0A8"", ""0DT"", ""0E8"", ""0K2"", ""0ST"", ""03X"", ""04V"", ""05R"", ""05Z"", ""06X"", ""07K"", ""07X"", ""1L8"", ""1NF"", ""1SC"", ""1SZ"", ""2NF"", ""2ST"", ""3ST"", ""37G"", ""4MD"", ""4ST"", ""5A7"", ""5FC"", ""5ST"", ""6X1"", ""7X1"", ""8X2"", ""9L3"", ""9X2""]}"
1G6MG5R27SU120018,2025,CELESTIQ,SEDAN,Invitational,None,None,AWD,STELLAR BLACK METALLIC,439020,CADILLAC OF NORWOOD,"NORWOOD, MA 02062-5222",DPJG89,"{""maker"": ""CADILLAC"", ""model_year"": ""2025"", ""mmc_code"": ""6G279"", ""vin"": ""1G6MG5R27SU120018"", ""sitedealer_code"": ""24121"", ""sell_source"": ""12"", ""order_number"": ""DPJG89"", ""creation_date"": ""2/26/2026"", ""Options"":[""ACD"", ""AF6"", ""AGG"", ""AHE"", ""AHH"", ""AKE"", ""AKP"", ""AL0"", ""APJ"", ""AQA"", ""ARF"", ""AR9"", ""AT8"", ""AVK"", ""AVU"", ""AXJ"", ""AYG"", ""A06"", ""A2X"", ""A7K"", ""BOR"", ""B3V"", ""B5B"", ""B5C"", ""B7G"", ""CAP"", ""CEG"", ""CE1"", ""CHQ"", ""CTB"", ""CWA"", ""C24"", ""C50"", ""C70"", ""DAE"", ""DCJ"", ""DDE"", ""DLY"", ""DRZ"", ""EAV"", ""EF3"", ""EF7"", ""EHT"", ""EMI"", ""EN0"", ""EPH"", ""EZV"", ""EZZ"", ""FAC"", ""FCL"", ""FJP"", ""F0L"", ""F47"", ""F55"", ""GB8"", ""GPV"", ""HS1"", ""IHL"", ""IKP"", ""IVE"", ""JFR"", ""J25"", ""KAG"", ""KB6"", ""KD5"", ""KEJ"", ""KI8"", ""KRV"", ""KSG"", ""K2O"", ""K3Z"", ""K4C"", ""K6J"", ""LHD"", ""MAH"", ""MF1"", ""NAM"", ""NE1"", ""NF6"", ""NKR"", ""NYS"", ""N38"", ""N5X"", ""PB4"", ""PCP"", ""PCU"", ""PCY"", ""PDA"", ""PDB"", ""PDE"", ""PDF"", ""PDG"", ""PDL"", ""PDU"", ""PDW"", ""PKC"", ""PPO"", ""PSC"", ""P9C"", ""QKX"", ""RAE"", ""RSR"", ""R7I"", ""R7M"", ""R9M"", ""R9N"", ""SLM"", ""S76"", ""TCP"", ""TDA"", ""TQ5"", ""TUI"", ""TUJ"", ""TVR"", ""TW8"", ""T4L"", ""T4Y"", ""T8Z"", ""T95"", ""UCV"", ""UEC"", ""UEN"", ""UEU"", ""UE1"", ""UFB"", ""UF2"", ""UGD"", ""UGN"", ""UG1"", ""UHO"", ""UH0"", ""UKI"", ""UKK"", ""UKL"", ""UKT"", ""UKZ"", ""ULM"", ""UMN"", ""UOW"", ""UQH"", ""URB"", ""USK"", ""US3"", ""UTJ"", ""UTR"", ""UTU"", ""UTV"", ""UVX"", ""UVZ"", ""UV2"", ""UV3"", ""UW9"", ""U08"", ""U2K"", ""U5G"", ""VHM"", ""VK3"", ""VRD"", ""VRF"", ""VRG"", ""VRH"", ""VRJ"", ""VRK"", ""VRL"", ""VRM"", ""VRN"", ""VRR"", ""VV4"", ""V8D"", ""WMZ"", ""WOV"", ""XFD"", ""XL8"", ""X0E"", ""Y7C"", ""0DW"", ""0G1"", ""0K2"", ""0ST"", ""010"", ""02C"", ""031"", ""044"", ""05A"", ""05R"", ""06F"", ""06L"", ""07A"", ""07K"", ""1NF"", ""1SC"", ""1SZ"", ""2NF"", ""2ST"", ""3ST"", ""4MD"", ""4ST"", ""5A7"", ""5FC"", ""5ST"", ""6X1"", ""7X1"", ""8X2"", ""9L3"", ""9X2""]}"
1G6MG5R28SU120013,2025,CELESTIQ,SEDAN,Invitational,None,None,AWD,EMERALD ISLE METALLIC,385410,LAFONTAINE CADILLAC,"HIGHLAND, MI 48357-4007",DVBGSF,"{""maker"": ""CADILLAC"", ""model_year"": ""2025"", ""mmc_code"": ""6G279"", ""vin"": ""1G6MG5R28SU120013"", ""sitedealer_code"": ""20015"", ""sell_source"": ""12"", ""order_number"": ""DVBGSF"", ""creation_date"": ""12/8/2025"", ""Options"":[""ACD"", ""AF6"", ""AGG"", ""AHE"", ""AHH"", ""AKE"", ""AKP"", ""AL0"", ""APJ"", ""AQA"", ""ARF"", ""AR9"", ""AT8"", ""AVK"", ""AVU"", ""AXJ"", ""AYG"", ""A06"", ""A2X"", ""A7K"", ""BOR"", ""B3V"", ""B5B"", ""B5C"", ""B7G"", ""CE1"", ""CHQ"", ""CTB"", ""CWA"", ""C24"", ""C50"", ""C70"", ""DAE"", ""DDE"", ""DLY"", ""DRZ"", ""EAV"", ""EF3"", ""EF7"", ""EHT"", ""EMI"", ""EN0"", ""EPH"", ""EZV"", ""EZZ"", ""FAF"", ""FE9"", ""FJP"", ""F47"", ""F55"", ""GOG"", ""GPV"", ""HS1"", ""IKP"", ""ISA"", ""IVE"", ""JFR"", ""J25"", ""KAG"", ""KB6"", ""KD5"", ""KEJ"", ""KI8"", ""KRV"", ""KSG"", ""K2O"", ""K3Z"", ""K4C"", ""K6J"", ""LHD"", ""MAH"", ""MF1"", ""NAM"", ""NF6"", ""NKR"", ""NYS"", ""N38"", ""N5X"", ""PB4"", ""PCN"", ""PCU"", ""PCY"", ""PDA"", ""PDB"", ""PDE"", ""PDF"", ""PDG"", ""PDH"", ""PDL"", ""PDU"", ""PDV"", ""PDW"", ""PKD"", ""PPO"", ""PSC"", ""P9C"", ""QKX"", ""RAE"", ""RSR"", ""R7I"", ""R7M"", ""R8R"", ""R9M"", ""R9N"", ""SLM"", ""S76"", ""TCP"", ""TDA"", ""TQ5"", ""TUI"", ""TUJ"", ""TVR"", ""TW8"", ""T4L"", ""T4Y"", ""T8Z"", ""T95"", ""UCV"", ""UEC"", ""UEN"", ""UEU"", ""UE1"", ""UFB"", ""UF2"", ""UGD"", ""UGN"", ""UG1"", ""UHO"", ""UH0"", ""UIT"", ""UKI"", ""UKK"", ""UKL"", ""UKT"", ""UKZ"", ""ULM"", ""UMN"", ""UOW"", ""UQH"", ""URB"", ""USK"", ""US3"", ""UTJ"", ""UTR"", ""UTU"", ""UTV"", ""UVX"", ""UVZ"", ""UV2"", ""UV3"", ""UW9"", ""U08"", ""U2K"", ""U5G"", ""VHM"", ""VRD"", ""VRF"", ""VRG"", ""VRH"", ""VRJ"", ""VRK"", ""VRL"", ""VRM"", ""VRN"", ""VRR"", ""VV4"", ""V8D"", ""WMZ"", ""XFD"", ""XL8"", ""X0E"", ""Y7C"", ""0ST"", ""016"", ""02X"", ""03R"", ""04V"", ""05P"", ""06T"", ""07G"", ""1NF"", ""1SC"", ""1SZ"", ""2NF"", ""2ST"", ""3ST"", ""4MD"", ""4ST"", ""5A7"", ""5FC"", ""5ST"", ""6X1"", ""7X1"", ""8X2"", ""9L3"", ""9X2""]}"
1G6MG5R29SU120019,2025,CELESTIQ,SEDAN,Invitational,None,None,AWD,KINGFISHER METALLIC,479080,SEWELL CADILLAC,"HOUSTON, TX 77079-1502",DQZS90,"{""maker"": ""CADILLAC"", ""model_year"": ""2025"", ""mmc_code"": ""6G279"", ""vin"": ""1G6MG5R29SU120019"", ""sitedealer_code"": ""01112"", ""sell_source"": ""12"", ""order_number"": ""DQZS90"", ""creation_date"": ""11/5/2025"", ""Options"":[""ACD"", ""AF6"", ""AGG"", ""AHE"", ""AHH"", ""AKE"", ""AKP"", ""AL0"", ""APJ"", ""AQA"", ""ARF"", ""AR9"", ""AT8"", ""AVK"", ""AVU"", ""AXJ"", ""AYG"", ""A06"", ""A2X"", ""A7K"", ""BOR"", ""B3V"", ""B5B"", ""B5C"", ""B7G"", ""B92"", ""CAP"", ""CEK"", ""CE1"", ""CHQ"", ""CTB"", ""CWA"", ""C24"", ""C50"", ""C70"", ""DAE"", ""DCJ"", ""DDE"", ""DLY"", ""DRZ"", ""EAV"", ""EEF"", ""EF3"", ""EF7"", ""EHT"", ""EMI"", ""EN0"", ""EPH"", ""EZV"", ""EZZ"", ""FAC"", ""FCL"", ""FER"", ""FE9"", ""FJP"", ""F47"", ""F5B"", ""F55"", ""GPV"", ""G8L"", ""HS1"", ""IKP"", ""ISA"", ""IVE"", ""JFR"", ""J25"", ""KAG"", ""KB6"", ""KD5"", ""KEJ"", ""KI8"", ""KRV"", ""KSG"", ""K2O"", ""K3Z"", ""K4C"", ""K6J"", ""LHD"", ""MAH"", ""MF1"", ""NAM"", ""NF6"", ""NKR"", ""NYS"", ""N38"", ""N5X"", ""PB4"", ""PCR"", ""PCU"", ""PDF"", ""PDL"", ""PDU"", ""PDW"", ""PKC"", ""PPO"", ""PSC"", ""P9C"", ""QKX"", ""RAE"", ""RSR"", ""RWH"", ""R6Q"", ""R7I"", ""R7M"", ""R8R"", ""R9M"", ""R9N"", ""SLM"", ""S76"", ""TCP"", ""TDA"", ""TQ5"", ""TUI"", ""TUJ"", ""TVR"", ""TW8"", ""T4L"", ""T4Y"", ""T8Z"", ""T95"", ""UAR"", ""UCB"", ""UCV"", ""UEC"", ""UEN"", ""UEU"", ""UE1"", ""UFB"", ""UF2"", ""UGD"", ""UGN"", ""UG1"", ""UHO"", ""UH0"", ""UIT"", ""UKI"", ""UKK"", ""UKL"", ""UKT"", ""UKZ"", ""ULM"", ""UMN"", ""UOW"", ""UQH"", ""URB"", ""USK"", ""US3"", ""UTJ"", ""UTR"", ""UTU"", ""UTV"", ""UVX"", ""UVZ"", ""UV2"", ""UV3"", ""UW9"", ""U08"", ""U2K"", ""U5G"", ""VHM"", ""VK3"", ""VRD"", ""VRF"", ""VRG"", ""VRH"", ""VRJ"", ""VRK"", ""VRL"", ""VRM"", ""VRN"", ""VRR"", ""VV4"", ""V8D"", ""WMZ"", ""WOV"", ""XFD"", ""XL8"", ""X0E"", ""YM8"", ""Y7C"", ""0A0"", ""0DW"", ""0E8"", ""0K2"", ""0ST"", ""02C"", ""031"", ""044"", ""05A"", ""05R"", ""06V"", ""07A"", ""1NF"", ""1SC"", ""1SZ"", ""2NF"", ""2ST"", ""3ST"", ""4MD"", ""4ST"", ""5A7"", ""5FC"", ""5ST"", ""6X1"", ""7X1"", ""8X2"", ""9L3"", ""9X2""]}"
1G6MG5R16SU120003,2025,CELESTIQ,SEDAN,Invitational,None,None,AWD,FITZ GRAY TRICOAT,402950,AUTONATION CADILLAC WEST PALM BEACH,"WEST PALM BEACH, FL 33407-3296",DJTZBC,"{""maker"": ""CADILLAC"", ""model_year"": ""2025"", ""mmc_code"": ""6G279"", ""vin"": ""1G6MG5R16SU120003"", ""sitedealer_code"": ""21050"", ""sell_source"": ""12"", ""order_number"": ""DJTZBC"", ""creation_date"": ""2/18/2026"", ""Options"":[""ACD"", ""AF6"", ""AGG"", ""AHE"", ""AHH"", ""AKE"", ""AKP"", ""AL0"", ""APJ"", ""AQA"", ""ARF"", ""AR9"", ""AT8"", ""AVK"", ""AVU"", ""AXJ"", ""AYG"", ""A06"", ""A2X"", ""A7K"", ""BOR"", ""B3V"", ""B53"", ""B7G"", ""B9I"", ""CE1"", ""CHQ"", ""CTB"", ""CWA"", ""C24"", ""C50"", ""C70"", ""DAE"", ""DDE"", ""DLY"", ""DRZ"", ""EAV"", ""EEK"", ""EF3"", ""EF7"", ""EMI"", ""EN0"", ""EPH"", ""EXN"", ""EZV"", ""EZZ"", ""FAD"", ""FE9"", ""FJP"", ""F47"", ""F55"", ""GPV"", ""G9N"", ""HS1"", ""IHL"", ""IKP"", ""ISA"", ""IVE"", ""JFR"", ""J25"", ""KAG"", ""KB6"", ""KD5"", ""KEJ"", ""KI8"", ""KRV"", ""KSG"", ""K2O"", ""K3Z"", ""K4C"", ""K6J"", ""LHD"", ""MAH"", ""MF1"", ""NAM"", ""NF6"", ""NKR"", ""NYS"", ""N38"", ""N5X"", ""PB4"", ""PCR"", ""PCU"", ""PDA"", ""PDB"", ""PDE"", ""PDF"", ""PDG"", ""PDH"", ""PDL"", ""PDV"", ""PDW"", ""PHC"", ""PKD"", ""PPO"", ""PSC"", ""P9C"", ""QKX"", ""RAE"", ""RSR"", ""R6Q"", ""R7I"", ""R7M"", ""R9M"", ""R9N"", ""SLM"", ""S76"", ""TCP"", ""TDA"", ""TQ5"", ""TUI"", ""TUJ"", ""TVR"", ""TW8"", ""T4L"", ""T4Y"", ""T8Z"", ""T95"", ""UAR"", ""UCB"", ""UCV"", ""UEC"", ""UEN"", ""UEU"", ""UE1"", ""UFB"", ""UF2"", ""UGD"", ""UGN"", ""UG1"", ""UHO"", ""UH0"", ""UIT"", ""UKI"", ""UKK"", ""UKL"", ""UKT"", ""UKZ"", ""ULM"", ""UMN"", ""UOW"", ""UQH"", ""URB"", ""USK"", ""US3"", ""UTJ"", ""UTR"", ""UTU"", ""UTV"", ""UVX"", ""UVZ"", ""UV2"", ""UV3"", ""UW9"", ""U08"", ""U2K"", ""U5G"", ""VHM"", ""VRD"", ""VRF"", ""VRG"", ""VRH"", ""VRJ"", ""VRK"", ""VRL"", ""VRM"", ""VRN"", ""VRR"", ""VV4"", ""V8D"", ""WMZ"", ""XFD"", ""XL8"", ""XVR"", ""X0E"", ""Y7C"", ""0A1"", ""0ST"", ""02M"", ""03F"", ""04S"", ""05M"", ""06Y"", ""07E"", ""1NF"", ""1SC"", ""1SZ"", ""2NF"", ""2ST"", ""3ST"", ""4MD"", ""4ST"", ""5A7"", ""5FC"", ""5ST"", ""6X1"", ""7X1"", ""8X2"", ""9L3"", ""9X2""]}"
1G6MG5R17SU110001,2025,CELESTIQ,SEDAN,Invitational,None,None,AWD,MIDNIGHT STEEL METALLIC,437610,GENERAL MOTORS LLC,"WARREN, MI 48093",DDPN37,"{""maker"": ""CADILLAC"", ""model_year"": ""2025"", ""mmc_code"": ""6G279"", ""vin"": ""1G6MG5R17SU110001"", ""sitedealer_code"": ""35104"", ""sell_source"": ""12"", ""order_number"": ""DDPN37"", ""creation_date"": ""1/28/2026"", ""Options"":[""ACD"", ""AF6"", ""AGG"", ""AHE"", ""AHH"", ""AKE"", ""AKP"", ""AL0"", ""AQA"", ""ARF"", ""AR9"", ""AT8"", ""AVK"", ""AVU"", ""AXJ"", ""AYG"", ""A06"", ""A2X"", ""A7K"", ""BOR"", ""B3V"", ""B5B"", ""B5C"", ""B7G"", ""B92"", ""CE1"", ""CHQ"", ""CTB"", ""CWA"", ""C24"", ""C50"", ""C70"", ""DAE"", ""DDE"", ""DLY"", ""DRZ"", ""EAV"", ""EEA"", ""EF3"", ""EF7"", ""EMI"", ""EN0"", ""EPH"", ""EXN"", ""EZV"", ""EZY"", ""EZZ"", ""FAH"", ""FDQ"", ""FE9"", ""FJP"", ""F47"", ""F55"", ""GPV"", ""GXU"", ""HS1"", ""IKP"", ""ISA"", ""IVE"", ""JFR"", ""J25"", ""KAG"", ""KB6"", ""KD5"", ""KEJ"", ""KI8"", ""KRV"", ""KSG"", ""K2O"", ""K3Z"", ""K4C"", ""K6J"", ""LHD"", ""MAH"", ""MF1"", ""NAM"", ""NF6"", ""NKR"", ""NYS"", ""N38"", ""N5X"", ""OAR"", ""PB4"", ""PCH"", ""PCU"", ""PDW"", ""PHC"", ""PKC"", ""PPO"", ""PSC"", ""P9C"", ""QKX"", ""RAE"", ""RSR"", ""RWH"", ""R6F"", ""R7M"", ""R7N"", ""R7V"", ""R9M"", ""R9N"", ""R9Z"", ""SLM"", ""S76"", ""TCP"", ""TDA"", ""TQ5"", ""TUI"", ""TUJ"", ""TVR"", ""TW8"", ""T4L"", ""T4Y"", ""T8Z"", ""T95"", ""UCV"", ""UEC"", ""UEN"", ""UEU"", ""UE1"", ""UFB"", ""UF2"", ""UGD"", ""UGN"", ""UG1"", ""UHO"", ""UH0"", ""UIT"", ""UKI"", ""UKK"", ""UKL"", ""UKT"", ""UKZ"", ""ULM"", ""UMN"", ""UOW"", ""UQH"", ""URB"", ""USK"", ""US3"", ""UTJ"", ""UTR"", ""UTU"", ""UTV"", ""UVX"", ""UVZ"", ""UV2"", ""UV3"", ""UW9"", ""U08"", ""U2K"", ""U5G"", ""VHM"", ""VRD"", ""VRF"", ""VRG"", ""VRH"", ""VRJ"", ""VRK"", ""VRL"", ""VRM"", ""VRN"", ""VRR"", ""VV4"", ""V8D"", ""WMZ"", ""XFD"", ""XL8"", ""X0E"", ""YM8"", ""Y7C"", ""0E8"", ""0ST"", ""016"", ""02E"", ""03W"", ""04N"", ""05Y"", ""06W"", ""07W"", ""1NF"", ""1SC"", ""1SZ"", ""2NF"", ""2ST"", ""3ST"", ""37N"", ""4MD"", ""4ST"", ""5A7"", ""5FC"", ""5ST"", ""6X1"", ""7X1"", ""8X2"", ""9L3"", ""9X2""]}"
1G6MG5R14SU110005,2025,CELESTIQ,SEDAN,Invitational,None,None,AWD,MAVERICK NOIR,401585,GENERAL MOTORS LLC,"WARREN, MI 48093",DDPPBH,"{""maker"": ""CADILLAC"", ""model_year"": ""2025"", ""mmc_code"": ""6G279"", ""vin"": ""1G6MG5R14SU110005"", ""sitedealer_code"": ""35104"", ""sell_source"": ""12"", ""order_number"": ""DDPPBH"", ""creation_date"": ""12/18/2025"", ""Options"":[""ACD"", ""AF6"", ""AGG"", ""AHE"", ""AHH"", ""AKE"", ""AKP"", ""AL0"", ""AQA"", ""ARF"", ""AR9"", ""AT8"", ""AVK"", ""AVU"", ""AXJ"", ""AYG"", ""A06"", ""A2X"", ""A7K"", ""BOY"", ""B3V"", ""B5B"", ""B5C"", ""B7G"", ""B92"", ""CAP"", ""CEG"", ""CE1"", ""CHQ"", ""CTB"", ""CTK"", ""CWA"", ""C24"", ""C50"", ""C70"", ""DAE"", ""DDE"", ""DLY"", ""DRZ"", ""EAU"", ""EF3"", ""EF7"", ""EHT"", ""EMI"", ""EN0"", ""EPH"", ""EZV"", ""EZY"", ""EZZ"", ""FAD"", ""FA1"", ""FE9"", ""FJP"", ""FLT"", ""F47"", ""F55"", ""GNW"", ""GPV"", ""HS1"", ""IKP"", ""ISA"", ""IVE"", ""JFR"", ""J25"", ""KAG"", ""KB6"", ""KD5"", ""KEJ"", ""KI8"", ""KRV"", ""KSG"", ""K2O"", ""K3Z"", ""K4C"", ""K6L"", ""LHD"", ""MAH"", ""MF1"", ""NAM"", ""NF6"", ""NKR"", ""NYS"", ""N38"", ""N5X"", ""OAR"", ""PB4"", ""PCN"", ""PCU"", ""PHJ"", ""PKC"", ""PPO"", ""PSC"", ""P9C"", ""QKX"", ""RAE"", ""RFD"", ""RSR"", ""RWH"", ""R7M"", ""R7N"", ""R7V"", ""R9M"", ""R9N"", ""R9Z"", ""SLM"", ""S76"", ""TCP"", ""TDA"", ""TQ5"", ""TUI"", ""TUJ"", ""TVR"", ""TW8"", ""T4L"", ""T4Y"", ""T8Z"", ""T95"", ""UAR"", ""UCB"", ""UCV"", ""UEC"", ""UEN"", ""UEU"", ""UE1"", ""UFB"", ""UF2"", ""UGD"", ""UGN"", ""UG1"", ""UHO"", ""UH0"", ""UIT"", ""UKI"", ""UKK"", ""UKL"", ""UKT"", ""UKZ"", ""ULM"", ""UMN"", ""UOW"", ""UQH"", ""URB"", ""USK"", ""US3"", ""UTJ"", ""UTR"", ""UTU"", ""UTV"", ""UVX"", ""UVZ"", ""UV2"", ""UV3"", ""UW9"", ""U08"", ""U2K"", ""U5G"", ""VHM"", ""VRD"", ""VRF"", ""VRG"", ""VRH"", ""VRJ"", ""VRK"", ""VRL"", ""VRM"", ""VRN"", ""VRR"", ""VV4"", ""V8D"", ""WMZ"", ""WOT"", ""XFD"", ""XL8"", ""XVR"", ""X0E"", ""YM8"", ""Y7C"", ""0ST"", ""010"", ""02C"", ""031"", ""044"", ""05A"", ""06M"", ""07A"", ""1NF"", ""1SC"", ""1SZ"", ""2NF"", ""2ST"", ""3ST"", ""37H"", ""4NK"", ""4ST"", ""5A7"", ""5FC"", ""5ST"", ""6X1"", ""7X1"", ""8X2"", ""9L3"", ""9X2""]}"
1G6MG5R11SU110009,2025,CELESTIQ,SEDAN,Invitational,None,None,AWD,DEEP AMETHYST METALLIC,422135,GENERAL MOTORS LLC,"WARREN, MI 48093",DDPPKP,"{""maker"": ""CADILLAC"", ""model_year"": ""2025"", ""mmc_code"": ""6G279"", ""vin"": ""1G6MG5R11SU110009"", ""sitedealer_code"": ""35104"", ""sell_source"": ""12"", ""order_number"": ""DDPPKP"", ""creation_date"": ""12/18/2025"", ""Options"":[""ACD"", ""AF6"", ""AGG"", ""AHE"", ""AHH"", ""AKE"", ""AKP"", ""AL0"", ""AQA"", ""ARF"", ""AR9"", ""AT8"", ""AVK"", ""AVU"", ""AXJ"", ""AYG"", ""A06"", ""A2X"", ""A7K"", ""BOY"", ""B3V"", ""B5B"", ""B5C"", ""B7G"", ""B92"", ""CAP"", ""CEK"", ""CE1"", ""CHQ"", ""CTB"", ""CWA"", ""C24"", ""C50"", ""C70"", ""DAE"", ""DDE"", ""DLY"", ""DRZ"", ""EAU"", ""EF3"", ""EF7"", ""EHT"", ""EMI"", ""EN0"", ""EPH"", ""EZV"", ""EZZ"", ""FAC"", ""FA2"", ""FCL"", ""FER"", ""FE9"", ""FJP"", ""FLT"", ""F47"", ""F55"", ""GGA"", ""GPV"", ""HS1"", ""IKP"", ""ISA"", ""IVE"", ""JFR"", ""J25"", ""KAG"", ""KB6"", ""KD5"", ""KEJ"", ""KI8"", ""KRV"", ""KSG"", ""K2O"", ""K3Z"", ""K4C"", ""K6L"", ""LHD"", ""MAH"", ""MF1"", ""NAM"", ""NF6"", ""NKR"", ""NYS"", ""N38"", ""N5X"", ""OAR"", ""PB4"", ""PCN"", ""PCU"", ""PDV"", ""PHE"", ""PKC"", ""PPO"", ""PSC"", ""P9C"", ""QKX"", ""RAE"", ""RFD"", ""RSR"", ""RWH"", ""R7M"", ""R7N"", ""R7V"", ""R8A"", ""R9M"", ""R9N"", ""R9Z"", ""SLM"", ""S76"", ""TCP"", ""TDA"", ""TQ5"", ""TUI"", ""TUJ"", ""TVR"", ""TW8"", ""T4L"", ""T4Y"", ""T8Z"", ""T95"", ""UAR"", ""UCB"", ""UCV"", ""UEC"", ""UEN"", ""UEU"", ""UE1"", ""UFB"", ""UF2"", ""UGD"", ""UGN"", ""UG1"", ""UHO"", ""UH0"", ""UIT"", ""UKI"", ""UKK"", ""UKL"", ""UKT"", ""UKZ"", ""ULM"", ""UMN"", ""UOW"", ""UQH"", ""URB"", ""USK"", ""US3"", ""UTJ"", ""UTR"", ""UTU"", ""UTV"", ""UVX"", ""UVZ"", ""UV2"", ""UV3"", ""UW9"", ""U08"", ""U2K"", ""U5G"", ""VHM"", ""VRD"", ""VRF"", ""VRG"", ""VRH"", ""VRJ"", ""VRK"", ""VRL"", ""VRM"", ""VRN"", ""VRR"", ""VV4"", ""V8D"", ""WMZ"", ""WOT"", ""XFD"", ""XL8"", ""XVR"", ""X0E"", ""YM8"", ""Y7C"", ""0A2"", ""0ST"", ""02W"", ""03P"", ""04T"", ""05A"", ""06S"", ""07F"", ""1NF"", ""1SC"", ""1SZ"", ""2NF"", ""2ST"", ""3ST"", ""4NK"", ""4ST"", ""5A7"", ""5FC"", ""5ST"", ""6X1"", ""7X1"", ""8X2"", ""9L3"", ""9X2""]}"
1G6MG5R19SU110016,2025,CELESTIQ,SEDAN,Invitational,None,None,AWD,ARC BLUE METALLIC,404185,GENERAL MOTORS LLC,"WARREN, MI 48092-2709",DDPP1S,"{""maker"": ""CADILLAC"", ""model_year"": ""2025"", ""mmc_code"": ""6G279"", ""vin"": ""1G6MG5R19SU110016"", ""sitedealer_code"": ""31111"", ""sell_source"": ""12"", ""order_number"": ""DDPP1S"", ""creation_date"": ""1/28/2026"", ""Options"":[""ACD"", ""AF6"", ""AGG"", ""AHE"", ""AHH"", ""AKE"", ""AKP"", ""AL0"", ""AQA"", ""ARF"", ""AR9"", ""AT8"", ""AVK"", ""AVU"", ""AXJ"", ""AYG"", ""A06"", ""A2X"", ""A7K"", ""BOR"", ""B3V"", ""B5B"", ""B5C"", ""B7G"", ""CEG"", ""CE1"", ""CHQ"", ""CTB"", ""CWA"", ""C24"", ""C50"", ""C70"", ""DAE"", ""DDE"", ""DLY"", ""DRZ"", ""EAU"", ""EF3"", ""EF7"", ""EHT"", ""EMI"", ""EN0"", ""EPH"", ""EZV"", ""EZZ"", ""FAA"", ""FDR"", ""FE9"", ""FJP"", ""F47"", ""F55"", ""GLD"", ""GPV"", ""HS1"", ""IKP"", ""ISA"", ""IVE"", ""JFR"", ""J25"", ""KAG"", ""KB6"", ""KD5"", ""KEJ"", ""KI8"", ""KRV"", ""KSG"", ""K2O"", ""K3Z"", ""K4C"", ""K6L"", ""LHD"", ""MAH"", ""MF1"", ""NAM"", ""NF6"", ""NKR"", ""NYS"", ""N38"", ""N5X"", ""OAR"", ""PB4"", ""PCN"", ""PCU"", ""PHD"", ""PKC"", ""PPO"", ""PSC"", ""P9C"", ""QKX"", ""RAE"", ""RFD"", ""RSR"", ""RWH"", ""R7M"", ""R7N"", ""R9M"", ""R9N"", ""SLM"", ""S76"", ""TCP"", ""TDA"", ""TQ5"", ""TUI"", ""TUJ"", ""TVR"", ""TW8"", ""T4L"", ""T4Y"", ""T8Z"", ""T95"", ""UAR"", ""UCB"", ""UCV"", ""UEC"", ""UEN"", ""UEU"", ""UE1"", ""UFB"", ""UF2"", ""UGD"", ""UGN"", ""UG1"", ""UHO"", ""UH0"", ""UIT"", ""UKI"", ""UKK"", ""UKL"", ""UKT"", ""UKZ"", ""ULM"", ""UMN"", ""UOW"", ""UQH"", ""URB"", ""USK"", ""US3"", ""UTJ"", ""UTR"", ""UTU"", ""UTV"", ""UVX"", ""UVZ"", ""UV2"", ""UV3"", ""UW9"", ""U08"", ""U2K"", ""U5G"", ""VHM"", ""VRD"", ""VRF"", ""VRG"", ""VRH"", ""VRJ"", ""VRK"", ""VRL"", ""VRM"", ""VRN"", ""VRR"", ""VV4"", ""V8D"", ""WD0"", ""WMZ"", ""XFD"", ""XL8"", ""XVR"", ""X0E"", ""YM8"", ""Y7C"", ""0A0"", ""0E7"", ""0ST"", ""02G"", ""037"", ""04W"", ""05K"", ""06P"", ""07D"", ""1NF"", ""1SC"", ""1SZ"", ""2NF"", ""2ST"", ""3ST"", ""37E"", ""4NK"", ""4ST"", ""5A7"", ""5FC"", ""5ST"", ""6X1"", ""7X1"", ""8X2"", ""9L3"", ""9X2""]}"
1G6MG5R10SU110017,2025,CELESTIQ,SEDAN,Invitational,None,None,AWD,BOYSENBERRY METALLIC,397790,CADILLAC OF MANHATTAN,"NEW YORK, NY 10036",DDPR33,"{""maker"": ""CADILLAC"", ""model_year"": ""2025"", ""mmc_code"": ""6G279"", ""vin"": ""1G6MG5R10SU110017"", ""sitedealer_code"": ""23027"", ""sell_source"": ""12"", ""order_number"": ""DDPR33"", ""creation_date"": ""12/30/2025"", ""Options"":[""ACD"", ""AF6"", ""AGG"", ""AHE"", ""AHH"", ""AKE"", ""AKP"", ""AL0"", ""APJ"", ""AQA"", ""ARF"", ""AR9"", ""AT8"", ""AVK"", ""AVU"", ""AXJ"", ""AYG"", ""A06"", ""A2X"", ""A7K"", ""BOR"", ""B3V"", ""B5B"", ""B5C"", ""B7G"", ""CEG"", ""CE1"", ""CHQ"", ""CTB"", ""CWA"", ""C24"", ""C50"", ""C70"", ""DAE"", ""DCJ"", ""DDE"", ""DLY"", ""DRZ"", ""EAU"", ""EEL"", ""EF3"", ""EF7"", ""EHT"", ""EMI"", ""EN0"", ""EPH"", ""EZV"", ""EZZ"", ""FAC"", ""FE9"", ""FJP"", ""F47"", ""F55"", ""GPV"", ""G8X"", ""HS1"", ""IKP"", ""ISA"", ""IVE"", ""JFR"", ""J25"", ""KAG"", ""KB6"", ""KD5"", ""KEJ"", ""KI8"", ""KRV"", ""KSG"", ""K2O"", ""K3Z"", ""K4C"", ""K6L"", ""LHD"", ""MAH"", ""MF1"", ""NAM"", ""NF6"", ""NKR"", ""NYS"", ""N38"", ""N5X"", ""OAR"", ""PB4"", ""PCP"", ""PCU"", ""PDA"", ""PDE"", ""PDF"", ""PDL"", ""PDV"", ""PPO"", ""PSC"", ""P9C"", ""QKI"", ""RAE"", ""RCM"", ""RFD"", ""RSR"", ""R6Q"", ""R7M"", ""R7N"", ""R9M"", ""R9N"", ""SLM"", ""S76"", ""TCP"", ""TDA"", ""TQ5"", ""TUI"", ""TUJ"", ""TVR"", ""TW8"", ""T4L"", ""T4Y"", ""T8Z"", ""T95"", ""UAR"", ""UCB"", ""UCV"", ""UEC"", ""UEN"", ""UEU"", ""UE1"", ""UFB"", ""UF2"", ""UGD"", ""UGN"", ""UG1"", ""UHO"", ""UH0"", ""UIT"", ""UKI"", ""UKK"", ""UKL"", ""UKT"", ""UKZ"", ""ULM"", ""UMN"", ""UOW"", ""UQH"", ""URB"", ""USK"", ""US3"", ""UTJ"", ""UTR"", ""UTU"", ""UTV"", ""UVX"", ""UVZ"", ""UV2"", ""UV3"", ""UW9"", ""U08"", ""U2K"", ""U5G"", ""VHM"", ""VRD"", ""VRF"", ""VRG"", ""VRH"", ""VRJ"", ""VRK"", ""VRL"", ""VRM"", ""VRN"", ""VRR"", ""VV4"", ""V8D"", ""WD0"", ""WMZ"", ""XFD"", ""XL8"", ""XVR"", ""X0E"", ""YM8"", ""Y7C"", ""0A2"", ""0ST"", ""02W"", ""03P"", ""04T"", ""05N"", ""06S"", ""07F"", ""1NF"", ""1SC"", ""1SZ"", ""2NF"", ""2ST"", ""3ST"", ""4NK"", ""4ST"", ""5A7"", ""5FC"", ""5ST"", ""6X1"", ""7X1"", ""8X2"", ""9L3"", ""9X2""]}"
1G6MG5R12SU110018,2025,CELESTIQ,SEDAN,Invitational,None,None,AWD,MAUI METALLIC,412305,GENERAL MOTORS LLC,"WARREN, MI 48092-2709",DDPR9J,"{""maker"": ""CADILLAC"", ""model_year"": ""2025"", ""mmc_code"": ""6G279"", ""vin"": ""1G6MG5R12SU110018"", ""sitedealer_code"": ""31111"", ""sell_source"": ""12"", ""order_number"": ""DDPR9J"", ""creation_date"": ""1/28/2026"", ""Options"":[""ACD"", ""AF6"", ""AGG"", ""AHE"", ""AHH"", ""AKE"", ""AKP"", ""AL0"", ""AQA"", ""ARF"", ""AR9"", ""AT8"", ""AVK"", ""AVU"", ""AXJ"", ""AYG"", ""A06"", ""A2X"", ""A7K"", ""BOR"", ""B3V"", ""B5B"", ""B5C"", ""B7G"", ""CEG"", ""CE1"", ""CHQ"", ""CTB"", ""CWA"", ""C24"", ""C50"", ""C70"", ""DAE"", ""DDE"", ""DLY"", ""DRZ"", ""EAU"", ""EF3"", ""EF7"", ""EHT"", ""EMI"", ""EN0"", ""EPH"", ""EZV"", ""EZZ"", ""FAE"", ""FDK"", ""FE9"", ""FJP"", ""F47"", ""F55"", ""GMF"", ""GPV"", ""HS1"", ""IKP"", ""ISA"", ""IVE"", ""JFR"", ""J25"", ""KAG"", ""KB6"", ""KD5"", ""KEJ"", ""KI8"", ""KRV"", ""KSG"", ""K2O"", ""K3Z"", ""K4C"", ""K6L"", ""LHD"", ""MAH"", ""MF1"", ""NAM"", ""NF6"", ""NKR"", ""NYS"", ""N38"", ""N5X"", ""OAR"", ""PB4"", ""PCN"", ""PCU"", ""PDV"", ""PKC"", ""PPO"", ""PSC"", ""P9C"", ""QKX"", ""RAE"", ""RFD"", ""RSR"", ""RWH"", ""R7M"", ""R7N"", ""R9M"", ""R9N"", ""SLM"", ""S76"", ""TCP"", ""TDA"", ""TQ5"", ""TUI"", ""TUJ"", ""TVR"", ""TW8"", ""T4L"", ""T4Y"", ""T8Z"", ""T95"", ""UAR"", ""UCB"", ""UCV"", ""UEC"", ""UEN"", ""UEU"", ""UE1"", ""UFB"", ""UF2"", ""UGD"", ""UGN"", ""UG1"", ""UHO"", ""UH0"", ""UIT"", ""UKI"", ""UKK"", ""UKL"", ""UKT"", ""UKZ"", ""ULM"", ""UMN"", ""UOW"", ""UQH"", ""URB"", ""USK"", ""US3"", ""UTJ"", ""UTR"", ""UTU"", ""UTV"", ""UVX"", ""UVZ"", ""UV2"", ""UV3"", ""UW9"", ""U08"", ""U2K"", ""U5G"", ""VHM"", ""VRD"", ""VRF"", ""VRG"", ""VRH"", ""VRJ"", ""VRK"", ""VRL"", ""VRM"", ""VRN"", ""VRR"", ""VV4"", ""V8D"", ""WD0"", ""WMZ"", ""XFD"", ""XL8"", ""XVR"", ""X0E"", ""YM8"", ""Y7C"", ""0ST"", ""01G"", ""02G"", ""037"", ""04P"", ""05I"", ""06N"", ""07C"", ""1NF"", ""1SC"", ""1SZ"", ""2NF"", ""2ST"", ""3ST"", ""4NK"", ""4ST"", ""5A7"", ""5FC"", ""5ST"", ""6X1"", ""7X1"", ""8X2"", ""9L3"", ""9X2""]}"
1G6MG5R14SU110019,2025,CELESTIQ,SEDAN,Invitational,None,None,AWD,WAVE METALLIC,382605,GENERAL MOTORS LLC,"WARREN, MI 48092-2709",DDPSB9,"{""maker"": ""CADILLAC"", ""model_year"": ""2025"", ""mmc_code"": ""6G279"", ""vin"": ""1G6MG5R14SU110019"", ""sitedealer_code"": ""31111"", ""sell_source"": ""12"", ""order_number"": ""DDPSB9"", ""creation_date"": ""1/28/2026"", ""Options"":[""ACD"", ""AF6"", ""AGG"", ""AHE"", ""AHH"", ""AKE"", ""AKP"", ""AL0"", ""AQA"", ""ARF"", ""AR9"", ""AT8"", ""AVK"", ""AVU"", ""AXJ"", ""AYG"", ""A06"", ""A2X"", ""A7K"", ""BOR"", ""B3V"", ""B5B"", ""B5C"", ""B7G"", ""CEG"", ""CE1"", ""CHQ"", ""CTB"", ""CWA"", ""C24"", ""C50"", ""C70"", ""DAE"", ""DDE"", ""DLY"", ""DRZ"", ""EAU"", ""EF3"", ""EF7"", ""EHT"", ""EMI"", ""EN0"", ""EPH"", ""EZV"", ""EZZ"", ""FAF"", ""FE9"", ""FJP"", ""F47"", ""F55"", ""GKK"", ""GPV"", ""HS1"", ""IKP"", ""ISA"", ""IVE"", ""JFR"", ""J25"", ""KAG"", ""KB6"", ""KD5"", ""KEJ"", ""KI8"", ""KRV"", ""KSG"", ""K2O"", ""K3Z"", ""K4C"", ""K6L"", ""LHD"", ""MAH"", ""MF1"", ""NAM"", ""NF6"", ""NKR"", ""NYS"", ""N38"", ""N5X"", ""OAR"", ""PB4"", ""PCN"", ""PCU"", ""PDV"", ""PPO"", ""PSC"", ""P9C"", ""QKI"", ""RAE"", ""RCM"", ""RFD"", ""RSR"", ""RWH"", ""R7M"", ""R7N"", ""R9M"", ""R9N"", ""SLM"", ""S76"", ""TCP"", ""TDA"", ""TQ5"", ""TUI"", ""TUJ"", ""TVR"", ""TW8"", ""T4L"", ""T4Y"", ""T8Z"", ""T95"", ""UAR"", ""UCB"", ""UCV"", ""UEC"", ""UEN"", ""UEU"", ""UE1"", ""UFB"", ""UF2"", ""UGD"", ""UGN"", ""UG1"", ""UHO"", ""UH0"", ""UIT"", ""UKI"", ""UKK"", ""UKL"", ""UKT"", ""UKZ"", ""ULM"", ""UMN"", ""UOW"", ""UQH"", ""URB"", ""USK"", ""US3"", ""UTJ"", ""UTR"", ""UTU"", ""UTV"", ""UVX"", ""UVZ"", ""UV2"", ""UV3"", ""UW9"", ""U08"", ""U2K"", ""U5G"", ""VHM"", ""VRD"", ""VRF"", ""VRG"", ""VRH"", ""VRJ"", ""VRK"", ""VRL"", ""VRM"", ""VRN"", ""VRR"", ""VV4"", ""V8D"", ""WD0"", ""WMZ"", ""XFD"", ""XL8"", ""XVR"", ""X0E"", ""YM8"", ""Y7C"", ""0A0"", ""0ST"", ""02H"", ""03C"", ""04W"", ""05K"", ""06P"", ""07D"", ""1NF"", ""1SC"", ""1SZ"", ""2NF"", ""2ST"", ""3ST"", ""4NK"", ""4ST"", ""5A7"", ""5FC"", ""5ST"", ""6X1"", ""7X1"", ""8X2"", ""9L3"", ""9X2""]}"
1G6MG5R10SU110020,2025,CELESTIQ,SEDAN,Invitational,None,None,AWD,CARNELIAN METALLIC,386855,GENERAL MOTORS LLC,"WARREN, MI 48092-2709",DDPSCN,"{""maker"": ""CADILLAC"", ""model_year"": ""2025"", ""mmc_code"": ""6G279"", ""vin"": ""1G6MG5R10SU110020"", ""sitedealer_code"": ""31111"", ""sell_source"": ""12"", ""order_number"": ""DDPSCN"", ""creation_date"": ""1/28/2026"", ""Options"":[""ACD"", ""AF6"", ""AGG"", ""AHE"", ""AHH"", ""AKE"", ""AKP"", ""AL0"", ""AQA"", ""ARF"", ""AR9"", ""AT8"", ""AVK"", ""AVU"", ""AXJ"", ""AYG"", ""A06"", ""A2X"", ""A7K"", ""BOR"", ""B3V"", ""B5B"", ""B5C"", ""B7G"", ""B92"", ""CEG"", ""CE1"", ""CHQ"", ""CTB"", ""CWA"", ""C24"", ""C50"", ""C70"", ""DAE"", ""DDE"", ""DLY"", ""DRZ"", ""EAU"", ""EF3"", ""EF7"", ""EHT"", ""EMI"", ""EN0"", ""EPH"", ""EZV"", ""EZZ"", ""FAC"", ""FER"", ""FE9"", ""FJP"", ""F47"", ""F55"", ""GHG"", ""GPV"", ""HS1"", ""IKP"", ""ISA"", ""IVE"", ""JFR"", ""J25"", ""KAG"", ""KB6"", ""KD5"", ""KEJ"", ""KI8"", ""KRV"", ""KSG"", ""K2O"", ""K3Z"", ""K4C"", ""K6L"", ""LHD"", ""MAH"", ""MF1"", ""NAM"", ""NF6"", ""NKR"", ""NYS"", ""N38"", ""N5X"", ""OAR"", ""PB4"", ""PCN"", ""PCU"", ""PDV"", ""PPO"", ""PSC"", ""P9C"", ""QKI"", ""RAE"", ""RCM"", ""RFD"", ""RSR"", ""RWH"", ""R7M"", ""R7N"", ""R9M"", ""R9N"", ""SLM"", ""S76"", ""TCP"", ""TDA"", ""TQ5"", ""TUI"", ""TUJ"", ""TVR"", ""TW8"", ""T4L"", ""T4Y"", ""T8Z"", ""T95"", ""UAR"", ""UCB"", ""UCV"", ""UEC"", ""UEN"", ""UEU"", ""UE1"", ""UFB"", ""UF2"", ""UGD"", ""UGN"", ""UG1"", ""UHO"", ""UH0"", ""UIT"", ""UKI"", ""UKK"", ""UKL"", ""UKT"", ""UKZ"", ""ULM"", ""UMN"", ""UOW"", ""UQH"", ""URB"", ""USK"", ""US3"", ""UTJ"", ""UTR"", ""UTU"", ""UTV"", ""UVX"", ""UVZ"", ""UV2"", ""UV3"", ""UW9"", ""U08"", ""U2K"", ""U5G"", ""VHM"", ""VRD"", ""VRF"", ""VRG"", ""VRH"", ""VRJ"", ""VRK"", ""VRL"", ""VRM"", ""VRN"", ""VRR"", ""VV4"", ""V8D"", ""WD0"", ""WMZ"", ""XFD"", ""XL8"", ""XVR"", ""X0E"", ""YM8"", ""Y7C"", ""0ST"", ""010"", ""02C"", ""037"", ""04N"", ""05D"", ""06N"", ""07B"", ""1NF"", ""1SC"", ""1SZ"", ""2NF"", ""2ST"", ""3ST"", ""4NK"", ""4ST"", ""5A7"", ""5FC"", ""5ST"", ""6X1"", ""7X1"", ""8X2"", ""9L3"", ""9X2""]}"
1G6MG5R12SU110021,2025,CELESTIQ,SEDAN,Invitational,None,None,AWD,CAROLINA BLUE,397285,GENERAL MOTORS LLC,"WARREN, MI 48092-2709",DDPSDH,"{""maker"": ""CADILLAC"", ""model_year"": ""2025"", ""mmc_code"": ""6G279"", ""vin"": ""1G6MG5R12SU110021"", ""sitedealer_code"": ""31111"", ""sell_source"": ""12"", ""order_number"": ""DDPSDH"", ""creation_date"": ""1/28/2026"", ""Options"":[""ACD"", ""AF6"", ""AGG"", ""AHE"", ""AHH"", ""AKE"", ""AKP"", ""AL0"", ""AQA"", ""ARF"", ""AR9"", ""AT8"", ""AVK"", ""AVU"", ""AXJ"", ""AYG"", ""A06"", ""A2X"", ""A7K"", ""BOR"", ""B3V"", ""B53"", ""B7G"", ""B9I"", ""CEG"", ""CE1"", ""CHQ"", ""CTB"", ""CWA"", ""C24"", ""C50"", ""C70"", ""DAE"", ""DDE"", ""DLY"", ""DRZ"", ""EAU"", ""EF3"", ""EF7"", ""EHT"", ""EMI"", ""EN0"", ""EPH"", ""EZV"", ""EZZ"", ""FAF"", ""FDM"", ""FE9"", ""FJP"", ""F47"", ""F55"", ""GLN"", ""GPV"", ""HS1"", ""IKP"", ""ISA"", ""IVE"", ""JFR"", ""J25"", ""KAG"", ""KB6"", ""KD5"", ""KEJ"", ""KI8"", ""KRV"", ""KSG"", ""K2O"", ""K3Z"", ""K4C"", ""K6L"", ""LHD"", ""MAH"", ""MF1"", ""NAM"", ""NF6"", ""NKR"", ""NYS"", ""N38"", ""N5X"", ""OAR"", ""PB4"", ""PCN"", ""PCU"", ""PPO"", ""PSC"", ""P9C"", ""QKI"", ""RAE"", ""RCM"", ""RFD"", ""RSR"", ""RWH"", ""R7M"", ""R7N"", ""R9M"", ""R9N"", ""SLM"", ""S76"", ""TCP"", ""TDA"", ""TQ5"", ""TUI"", ""TUJ"", ""TVR"", ""TW8"", ""T4L"", ""T4Y"", ""T8Z"", ""T95"", ""UAR"", ""UCB"", ""UCV"", ""UEC"", ""UEN"", ""UEU"", ""UE1"", ""UFB"", ""UF2"", ""UGD"", ""UGN"", ""UG1"", ""UHO"", ""UH0"", ""UIT"", ""UKI"", ""UKK"", ""UKL"", ""UKT"", ""UKZ"", ""ULM"", ""UMN"", ""UOW"", ""UQH"", ""URB"", ""USK"", ""US3"", ""UTJ"", ""UTR"", ""UTU"", ""UTV"", ""UVX"", ""UVZ"", ""UV2"", ""UV3"", ""UW9"", ""U08"", ""U2K"", ""U5G"", ""VHM"", ""VRD"", ""VRF"", ""VRG"", ""VRH"", ""VRJ"", ""VRK"", ""VRL"", ""VRM"", ""VRN"", ""VRR"", ""VV4"", ""V8D"", ""WD0"", ""WMZ"", ""XFD"", ""XL8"", ""XVR"", ""X0E"", ""YM8"", ""Y7C"", ""0A6"", ""0DT"", ""0E7"", ""0K0"", ""0ST"", ""03X"", ""05Z"", ""06X"", ""07X"", ""1NF"", ""1SC"", ""1SZ"", ""2NF"", ""2ST"", ""3ST"", ""37N"", ""4NK"", ""4ST"", ""5A7"", ""5FC"", ""5ST"", ""6X1"", ""7X1"", ""8X2"", ""9L3"", ""9X2""]}"
1G6MG5R14SU110022,2025,CELESTIQ,SEDAN,Invitational,None,None,AWD,LAGOON,415285,GENERAL MOTORS LLC,"WARREN, MI 48093",DDPN6Z,"{""maker"": ""CADILLAC"", ""model_year"": ""2025"", ""mmc_code"": ""6G279"", ""vin"": ""1G6MG5R14SU110022"", ""sitedealer_code"": ""35104"", ""sell_source"": ""12"", ""order_number"": ""DDPN6Z"", ""creation_date"": ""1/28/2026"", ""Options"":[""ACD"", ""AF6"", ""AGG"", ""AHE"", ""AHH"", ""AKE"", ""AKP"", ""AL0"", ""AQA"", ""ARF"", ""AR9"", ""AT8"", ""AVK"", ""AVU"", ""AXJ"", ""AYG"", ""A06"", ""A2X"", ""A7K"", ""BOR"", ""B3V"", ""B5B"", ""B5C"", ""B7G"", ""B92"", ""CEV"", ""CE1"", ""CHQ"", ""CTB"", ""CWA"", ""C24"", ""C50"", ""C70"", ""DAE"", ""DDE"", ""DLY"", ""DRZ"", ""EAV"", ""EEN"", ""EF3"", ""EF7"", ""EHT"", ""EMI"", ""EN0"", ""EPH"", ""EZV"", ""EZZ"", ""FAC"", ""FCL"", ""FE9"", ""FJP"", ""F47"", ""F55"", ""GPV"", ""GXE"", ""HS1"", ""IKP"", ""ISA"", ""IVE"", ""JFR"", ""J25"", ""KAG"", ""KB6"", ""KD5"", ""KEJ"", ""KI8"", ""KRV"", ""KSG"", ""K2O"", ""K3Z"", ""K4C"", ""K6J"", ""LHD"", ""MAH"", ""MF1"", ""NAM"", ""NF6"", ""NKR"", ""NYS"", ""N38"", ""N5X"", ""OAR"", ""PB4"", ""PCH"", ""PCU"", ""PDW"", ""PHE"", ""PKC"", ""PPO"", ""PSC"", ""P9C"", ""QKX"", ""RAE"", ""RSR"", ""RWH"", ""R6F"", ""R7M"", ""R7N"", ""R7V"", ""R9M"", ""R9N"", ""R9Z"", ""SLM"", ""S76"", ""TCP"", ""TDA"", ""TQ5"", ""TUI"", ""TUJ"", ""TVR"", ""TW8"", ""T4L"", ""T4Y"", ""T8Z"", ""T95"", ""UCV"", ""UEC"", ""UEN"", ""UEU"", ""UE1"", ""UFB"", ""UF2"", ""UGD"", ""UGN"", ""UG1"", ""UHO"", ""UH0"", ""UIT"", ""UKI"", ""UKK"", ""UKL"", ""UKT"", ""UKZ"", ""ULM"", ""UMN"", ""UOW"", ""UQH"", ""URB"", ""USK"", ""US3"", ""UTJ"", ""UTR"", ""UTU"", ""UTV"", ""UVX"", ""UVZ"", ""UV2"", ""UV3"", ""UW9"", ""U08"", ""U2K"", ""U5G"", ""VHM"", ""VRD"", ""VRF"", ""VRG"", ""VRH"", ""VRJ"", ""VRK"", ""VRL"", ""VRM"", ""VRN"", ""VRR"", ""VV4"", ""V8D"", ""WMZ"", ""XFD"", ""XL8"", ""X0E"", ""YM8"", ""Y7C"", ""0A4"", ""0E7"", ""0ST"", ""02X"", ""03S"", ""04V"", ""05P"", ""06T"", ""07H"", ""1NF"", ""1SC"", ""1SZ"", ""2NF"", ""2ST"", ""3ST"", ""4MD"", ""4ST"", ""5A7"", ""5FC"", ""5ST"", ""6X1"", ""7X1"", ""8X2"", ""9L3"", ""9X2""]}"
1G6MG5R16SU110023,2025,CELESTIQ,SEDAN,Invitational,None,None,AWD,VERMILLION METALLIC,436635,GENERAL MOTORS LLC,"WARREN, MI 48093",DDPSB5,"{""maker"": ""CADILLAC"", ""model_year"": ""2025"", ""mmc_code"": ""6G279"", ""vin"": ""1G6MG5R16SU110023"", ""sitedealer_code"": ""35104"", ""sell_source"": ""12"", ""order_number"": ""DDPSB5"", ""creation_date"": ""1/28/2026"", ""Options"":[""ACD"", ""AF6"", ""AGG"", ""AHE"", ""AHH"", ""AKE"", ""AKP"", ""AL0"", ""AQA"", ""ARF"", ""AR9"", ""AT8"", ""AVK"", ""AVU"", ""AXJ"", ""AYG"", ""A06"", ""A2X"", ""A7K"", ""BOR"", ""B3V"", ""B5B"", ""B5C"", ""B7G"", ""CAP"", ""CEJ"", ""CE1"", ""CHQ"", ""CTB"", ""CWA"", ""C24"", ""C50"", ""C70"", ""DAE"", ""DDE"", ""DLY"", ""DRZ"", ""EAV"", ""EF3"", ""EF7"", ""EHT"", ""EMI"", ""EN0"", ""EPH"", ""EZX"", ""EZZ"", ""FAA"", ""FDR"", ""FER"", ""FE9"", ""FJP"", ""F47"", ""F55"", ""F7G"", ""GHX"", ""GPV"", ""HS1"", ""IKP"", ""ISA"", ""IVE"", ""JFR"", ""J25"", ""KAG"", ""KB6"", ""KD5"", ""KEJ"", ""KI8"", ""KRV"", ""KSG"", ""K2O"", ""K3Z"", ""K4C"", ""K6J"", ""LHD"", ""MAH"", ""MF1"", ""NAM"", ""NF6"", ""NKR"", ""NYS"", ""N38"", ""N5X"", ""OAR"", ""PB4"", ""PCH"", ""PCU"", ""PDW"", ""PHD"", ""PKC"", ""PPO"", ""PSC"", ""P9C"", ""QKX"", ""RAE"", ""RSR"", ""RWH"", ""R6F"", ""R7M"", ""R7N"", ""R7V"", ""R9M"", ""R9N"", ""R9Z"", ""SLM"", ""S76"", ""TCP"", ""TDA"", ""TQ5"", ""TUI"", ""TUJ"", ""TVR"", ""TW8"", ""T4L"", ""T4Y"", ""T8Z"", ""T95"", ""UCV"", ""UEC"", ""UEN"", ""UEU"", ""UE1"", ""UFB"", ""UF2"", ""UGD"", ""UGN"", ""UG1"", ""UHO"", ""UH0"", ""UIT"", ""UKI"", ""UKK"", ""UKL"", ""UKT"", ""UKZ"", ""ULM"", ""UMN"", ""UOW"", ""UQH"", ""URB"", ""USK"", ""US3"", ""UTJ"", ""UTR"", ""UTU"", ""UTV"", ""UVX"", ""UVZ"", ""UV2"", ""UV3"", ""UW9"", ""U08"", ""U2K"", ""U5G"", ""VHM"", ""VRD"", ""VRF"", ""VRG"", ""VRH"", ""VRJ"", ""VRK"", ""VRL"", ""VRM"", ""VRN"", ""VRR"", ""VV4"", ""V8D"", ""WMZ"", ""WOT"", ""XFD"", ""XL8"", ""X0E"", ""YM8"", ""Y7C"", ""0A2"", ""0E7"", ""0ST"", ""02G"", ""03P"", ""04T"", ""05I"", ""06S"", ""07B"", ""1NF"", ""1SC"", ""1SZ"", ""2NF"", ""2ST"", ""3ST"", ""37N"", ""4MD"", ""4ST"", ""5A7"", ""5FC"", ""5ST"", ""6X1"", ""7X1"", ""8X2"", ""9L3"", ""9X2""]}"
1G6MG5R18SU110024,2025,CELESTIQ,SEDAN,Invitational,None,None,AWD,VELOCITY RED,424815,CADILLAC OF BEVERLY HILLS,"BEVERLY HILLS, CA 90211-2714",DDPSDW,"{""maker"": ""CADILLAC"", ""model_year"": ""2025"", ""mmc_code"": ""6G279"", ""vin"": ""1G6MG5R18SU110024"", ""sitedealer_code"": ""96025"", ""sell_source"": ""12"", ""order_number"": ""DDPSDW"", ""creation_date"": ""5/7/2026"", ""Options"":[""ACD"", ""AF6"", ""AGG"", ""AHE"", ""AHH"", ""AKE"", ""AKP"", ""AL0"", ""APJ"", ""AQA"", ""ARF"", ""AR9"", ""AT8"", ""AVK"", ""AVU"", ""AXJ"", ""AYG"", ""A06"", ""A2X"", ""A7K"", ""BOR"", ""B3V"", ""B5B"", ""B5C"", ""B7G"", ""CEG"", ""CE1"", ""CHQ"", ""CTB"", ""CWA"", ""C24"", ""C50"", ""C70"", ""DAE"", ""DDE"", ""DLY"", ""DRZ"", ""EAV"", ""EEA"", ""EF3"", ""EF7"", ""EMI"", ""EN0"", ""EPH"", ""EXN"", ""EZV"", ""EZZ"", ""FAF"", ""FA0"", ""FDM"", ""FE9"", ""FJP"", ""F47"", ""F55"", ""GPV"", ""G7C"", ""HS1"", ""IKP"", ""ISA"", ""IVE"", ""JFR"", ""J25"", ""KAG"", ""KB6"", ""KD5"", ""KEJ"", ""KI8"", ""KRV"", ""KSG"", ""K2O"", ""K3Z"", ""K4C"", ""K6J"", ""LHD"", ""MAH"", ""MF1"", ""NAM"", ""NF6"", ""NKR"", ""NYS"", ""N38"", ""N5X"", ""OAR"", ""PB4"", ""PCU"", ""PCX"", ""PDA"", ""PDF"", ""PDL"", ""PDW"", ""PKC"", ""PPO"", ""PSC"", ""P9C"", ""QKX"", ""RAE"", ""RSR"", ""R6F"", ""R6Q"", ""R7I"", ""R7M"", ""R7N"", ""R9M"", ""R9N"", ""SLM"", ""S76"", ""TCP"", ""TDA"", ""TQ5"", ""TUI"", ""TUJ"", ""TVR"", ""TW8"", ""T4L"", ""T4Y"", ""T8Z"", ""T95"", ""UCV"", ""UEC"", ""UEN"", ""UEU"", ""UE1"", ""UFB"", ""UF2"", ""UGD"", ""UGN"", ""UG1"", ""UHO"", ""UH0"", ""UIT"", ""UKI"", ""UKK"", ""UKL"", ""UKT"", ""UKZ"", ""ULM"", ""UMN"", ""UOW"", ""UQH"", ""URB"", ""USK"", ""US3"", ""UTJ"", ""UTR"", ""UTU"", ""UTV"", ""UVX"", ""UVZ"", ""UV2"", ""UV3"", ""UW9"", ""U08"", ""U2K"", ""U5G"", ""VHM"", ""VRD"", ""VRF"", ""VRG"", ""VRH"", ""VRJ"", ""VRK"", ""VRL"", ""VRM"", ""VRN"", ""VRR"", ""VV4"", ""V8D"", ""WD0"", ""WMZ"", ""XFD"", ""XL8"", ""X0E"", ""YM8"", ""Y7C"", ""0E9"", ""0ST"", ""016"", ""02E"", ""036"", ""04N"", ""05D"", ""06M"", ""07B"", ""1NF"", ""1SC"", ""1SZ"", ""2NF"", ""2ST"", ""3ST"", ""4MD"", ""4ST"", ""5A7"", ""5FC"", ""5ST"", ""6X1"", ""7X1"", ""8X2"", ""9L3"", ""9X2""]}"
1G6MG5R1XSU110025,2025,CELESTIQ,SEDAN,Invitational,None,None,AWD,SIKU TRICOAT,400420,GENERAL MOTORS LLC,"WARREN, MI 48092-2709",DDPSFR,"{""maker"": ""CADILLAC"", ""model_year"": ""2025"", ""mmc_code"": ""6G279"", ""vin"": ""1G6MG5R1XSU110025"", ""sitedealer_code"": ""31111"", ""sell_source"": ""12"", ""order_number"": ""DDPSFR"", ""creation_date"": ""1/19/2026"", ""Options"":[""ACD"", ""AF6"", ""AGG"", ""AHE"", ""AHH"", ""AKE"", ""AKP"", ""AL0"", ""APJ"", ""AQA"", ""ARF"", ""AR9"", ""AT8"", ""AVK"", ""AVU"", ""AXJ"", ""AYG"", ""A06"", ""A2X"", ""A7K"", ""BOR"", ""B3V"", ""B5B"", ""B5C"", ""B7G"", ""B92"", ""CEG"", ""CE1"", ""CHQ"", ""CTB"", ""CWA"", ""C24"", ""C50"", ""C70"", ""DAE"", ""DDE"", ""DLY"", ""DRZ"", ""EAV"", ""EEN"", ""EF3"", ""EF7"", ""EHT"", ""EMI"", ""EN0"", ""EPH"", ""EZV"", ""EZZ"", ""FAD"", ""FE9"", ""FJP"", ""F47"", ""F55"", ""GPV"", ""G9T"", ""HS1"", ""IKP"", ""ISA"", ""IVE"", ""JFR"", ""J25"", ""KAG"", ""KB6"", ""KD5"", ""KEJ"", ""KI8"", ""KRV"", ""KSG"", ""K2O"", ""K3Z"", ""K4C"", ""K6J"", ""LHD"", ""MAH"", ""MF1"", ""NAM"", ""NF6"", ""NKR"", ""NYS"", ""N38"", ""N5X"", ""OAR"", ""PB4"", ""PCH"", ""PCU"", ""PDA"", ""PDF"", ""PDL"", ""PDW"", ""PHT"", ""PPO"", ""PSC"", ""P9C"", ""QKI"", ""RAE"", ""RCM"", ""RSR"", ""R6F"", ""R6Q"", ""R7I"", ""R7M"", ""R7N"", ""R9M"", ""R9N"", ""SLM"", ""S76"", ""TCP"", ""TDA"", ""TQ5"", ""TUI"", ""TUJ"", ""TVR"", ""TW8"", ""T4L"", ""T4Y"", ""T8Z"", ""T95"", ""UCV"", ""UEC"", ""UEN"", ""UEU"", ""UE1"", ""UFB"", ""UF2"", ""UGD"", ""UGN"", ""UG1"", ""UHO"", ""UH0"", ""UIT"", ""UKI"", ""UKK"", ""UKL"", ""UKT"", ""UKZ"", ""ULM"", ""UMN"", ""UOW"", ""UQH"", ""URB"", ""USK"", ""US3"", ""UTJ"", ""UTR"", ""UTU"", ""UTV"", ""UVX"", ""UVZ"", ""UV2"", ""UV3"", ""UW9"", ""U08"", ""U2K"", ""U5G"", ""VHM"", ""VRD"", ""VRF"", ""VRG"", ""VRH"", ""VRJ"", ""VRK"", ""VRL"", ""VRM"", ""VRN"", ""VRR"", ""VV4"", ""V8D"", ""WD0"", ""WMZ"", ""XFD"", ""XL8"", ""X0E"", ""YM8"", ""Y7C"", ""0A4"", ""0ST"", ""02M"", ""03F"", ""04W"", ""05X"", ""06Y"", ""07H"", ""1NF"", ""1SC"", ""1SZ"", ""2NF"", ""2ST"", ""3ST"", ""4MD"", ""4ST"", ""5A7"", ""5FC"", ""5ST"", ""6X1"", ""7X1"", ""8X2"", ""9L3"", ""9X2""]}"
1G6MG5R11SU110026,2025,CELESTIQ,SEDAN,Invitational,None,None,AWD,CASPA TRICOAT,388155,GENERAL MOTORS LLC,"WARREN, MI 48092-2709",DDPSDS,"{""maker"": ""CADILLAC"", ""model_year"": ""2025"", ""mmc_code"": ""6G279"", ""vin"": ""1G6MG5R11SU110026"", ""sitedealer_code"": ""31111"", ""sell_source"": ""12"", ""order_number"": ""DDPSDS"", ""creation_date"": ""1/28/2026"", ""Options"":[""ACD"", ""AF6"", ""AGG"", ""AHE"", ""AHH"", ""AKE"", ""AKP"", ""AL0"", ""AQA"", ""ARF"", ""AR9"", ""AT8"", ""AVK"", ""AVU"", ""AXJ"", ""AYG"", ""A06"", ""A2X"", ""A7K"", ""BOR"", ""B3V"", ""B5B"", ""B5C"", ""B7G"", ""CEG"", ""CE1"", ""CHQ"", ""CTB"", ""CWA"", ""C24"", ""C50"", ""C70"", ""DAE"", ""DDE"", ""DLY"", ""DRZ"", ""EAU"", ""EF3"", ""EF7"", ""EHT"", ""EMI"", ""EN0"", ""EPH"", ""EZV"", ""EZZ"", ""FAC"", ""FE9"", ""FJP"", ""F47"", ""F55"", ""GPV"", ""G9M"", ""HS1"", ""IKP"", ""ISA"", ""IVE"", ""JFR"", ""J25"", ""KAG"", ""KB6"", ""KD5"", ""KEJ"", ""KI8"", ""KRV"", ""KSG"", ""K2O"", ""K3Z"", ""K4C"", ""K6L"", ""LHD"", ""MAH"", ""MF1"", ""NAM"", ""NF6"", ""NKR"", ""NYS"", ""N38"", ""N5X"", ""OAR"", ""PB4"", ""PCN"", ""PCU"", ""PDV"", ""PPO"", ""PSC"", ""P9C"", ""QKI"", ""RAE"", ""RCM"", ""RFD"", ""RSR"", ""RWH"", ""R7M"", ""R7N"", ""R9M"", ""R9N"", ""SLM"", ""S76"", ""TCP"", ""TDA"", ""TQ5"", ""TUI"", ""TUJ"", ""TVR"", ""TW8"", ""T4L"", ""T4Y"", ""T8Z"", ""T95"", ""UAR"", ""UCB"", ""UCV"", ""UEC"", ""UEN"", ""UEU"", ""UE1"", ""UFB"", ""UF2"", ""UGD"", ""UGN"", ""UG1"", ""UHO"", ""UH0"", ""UIT"", ""UKI"", ""UKK"", ""UKL"", ""UKT"", ""UKZ"", ""ULM"", ""UMN"", ""UOW"", ""UQH"", ""URB"", ""USK"", ""US3"", ""UTJ"", ""UTR"", ""UTU"", ""UTV"", ""UVX"", ""UVZ"", ""UV2"", ""UV3"", ""UW9"", ""U08"", ""U2K"", ""U5G"", ""VHM"", ""VRD"", ""VRF"", ""VRG"", ""VRH"", ""VRJ"", ""VRK"", ""VRL"", ""VRM"", ""VRN"", ""VRR"", ""VV4"", ""V8D"", ""WD0"", ""WMZ"", ""XFD"", ""XL8"", ""XVR"", ""X0E"", ""YM8"", ""Y7C"", ""0A4"", ""0E7"", ""0ST"", ""02Y"", ""03S"", ""04W"", ""05X"", ""06V"", ""07H"", ""1NF"", ""1SC"", ""1SZ"", ""2NF"", ""2ST"", ""3ST"", ""4NK"", ""4ST"", ""5A7"", ""5FC"", ""5ST"", ""6X1"", ""7X1"", ""8X2"", ""9L3"", ""9X2""]}"
1G6MG5R15SU110028,2025,CELESTIQ,SEDAN,Invitational,None,None,AWD,MIDNIGHT SKY METALLIC,430070,GENERAL MOTORS LLC,"WARREN, MI 48092-2709",DDPSFG,"{""maker"": ""CADILLAC"", ""model_year"": ""2025"", ""mmc_code"": ""6G279"", ""vin"": ""1G6MG5R15SU110028"", ""sitedealer_code"": ""31111"", ""sell_source"": ""12"", ""order_number"": ""DDPSFG"", ""creation_date"": ""1/28/2026"", ""Options"":[""ACD"", ""AF6"", ""AGG"", ""AHE"", ""AHH"", ""AKE"", ""AKP"", ""AL0"", ""APJ"", ""AQA"", ""ARF"", ""AR9"", ""AT8"", ""AVK"", ""AVU"", ""AXJ"", ""AYG"", ""A06"", ""A2X"", ""A7K"", ""BOR"", ""B3V"", ""B5B"", ""B5C"", ""B7G"", ""CEP"", ""CE1"", ""CHQ"", ""CTB"", ""CWA"", ""C24"", ""C50"", ""C70"", ""DAE"", ""DCJ"", ""DDE"", ""DLY"", ""DRZ"", ""EAV"", ""EEL"", ""EF3"", ""EF7"", ""EMI"", ""EN0"", ""EPH"", ""EXN"", ""EZV"", ""EZZ"", ""FAE"", ""FDK"", ""FER"", ""FE9"", ""FJP"", ""F47"", ""F55"", ""GPV"", ""GXF"", ""HS1"", ""IKP"", ""ISA"", ""IVE"", ""JFR"", ""J25"", ""KAG"", ""KB6"", ""KD5"", ""KEJ"", ""KI8"", ""KRV"", ""KSG"", ""K2O"", ""K3Z"", ""K4C"", ""K6L"", ""LHD"", ""MAH"", ""MF1"", ""NAM"", ""NF6"", ""NKR"", ""NYS"", ""N38"", ""N5X"", ""OAR"", ""PB4"", ""PCP"", ""PCU"", ""PDE"", ""PDF"", ""PDL"", ""PDV"", ""PHC"", ""PPO"", ""PSC"", ""P9C"", ""QKI"", ""RAE"", ""RCM"", ""RFD"", ""RSR"", ""R6Q"", ""R7I"", ""R7M"", ""R7N"", ""R9M"", ""R9N"", ""SLM"", ""S76"", ""TCP"", ""TDA"", ""TQ5"", ""TUI"", ""TUJ"", ""TVR"", ""TW8"", ""T4L"", ""T4Y"", ""T8Z"", ""T95"", ""UAR"", ""UCB"", ""UCV"", ""UEC"", ""UEN"", ""UEU"", ""UE1"", ""UFB"", ""UF2"", ""UGD"", ""UGN"", ""UG1"", ""UHO"", ""UH0"", ""UIT"", ""UKI"", ""UKK"", ""UKL"", ""UKT"", ""UKZ"", ""ULM"", ""UMN"", ""UOW"", ""UQH"", ""URB"", ""USK"", ""US3"", ""UTJ"", ""UTR"", ""UTU"", ""UTV"", ""UVX"", ""UVZ"", ""UV2"", ""UV3"", ""UW9"", ""U08"", ""U2K"", ""U5G"", ""VHM"", ""VRD"", ""VRF"", ""VRG"", ""VRH"", ""VRJ"", ""VRK"", ""VRL"", ""VRM"", ""VRN"", ""VRR"", ""VV4"", ""V8D"", ""WD0"", ""WMZ"", ""XFD"", ""XL8"", ""XVR"", ""X0E"", ""YM8"", ""Y7C"", ""0ST"", ""010"", ""02W"", ""03P"", ""04T"", ""05N"", ""06S"", ""07A"", ""1NF"", ""1SC"", ""1SZ"", ""2NF"", ""2ST"", ""3ST"", ""4MD"", ""4ST"", ""5A7"", ""5FC"", ""5ST"", ""6X1"", ""7X1"", ""8X2"", ""9L3"", ""9X2""]}"
1G6MG5R13SU110030,2025,CELESTIQ,SEDAN,Invitational,None,None,AWD,FITZ GRAY TRICOAT,402390,GENERAL MOTORS LLC,"WARREN, MI 48093",DDPSF3,"{""maker"": ""CADILLAC"", ""model_year"": ""2025"", ""mmc_code"": ""6G279"", ""vin"": ""1G6MG5R13SU110030"", ""sitedealer_code"": ""35100"", ""sell_source"": ""12"", ""order_number"": ""DDPSF3"", ""creation_date"": ""2/7/2026"", ""Options"":[""ACD"", ""AF6"", ""AGG"", ""AHE"", ""AHH"", ""AKE"", ""AKP"", ""AL0"", ""APJ"", ""AQA"", ""ARF"", ""AR9"", ""AT8"", ""AVK"", ""AVU"", ""AXJ"", ""AYG"", ""A06"", ""A2X"", ""A7K"", ""BOR"", ""B3V"", ""B5B"", ""B5C"", ""B7G"", ""CEG"", ""CE1"", ""CHQ"", ""CTB"", ""CWA"", ""C24"", ""C50"", ""C70"", ""DAE"", ""DCJ"", ""DDE"", ""DLY"", ""DRZ"", ""EAV"", ""EEO"", ""EF3"", ""EF7"", ""EMI"", ""EN0"", ""EPH"", ""EXN"", ""EZV"", ""EZZ"", ""FAB"", ""FE9"", ""FJP"", ""F47"", ""F55"", ""GPV"", ""G9N"", ""HS1"", ""IKP"", ""ISA"", ""IVE"", ""JFR"", ""J25"", ""KAG"", ""KB6"", ""KD5"", ""KEJ"", ""KI8"", ""KRV"", ""KSG"", ""K2O"", ""K3Z"", ""K4C"", ""K6L"", ""LHD"", ""MAH"", ""MF1"", ""NAM"", ""NF6"", ""NKR"", ""NYS"", ""N38"", ""N5X"", ""OAR"", ""PB4"", ""PCU"", ""PDA"", ""PDE"", ""PDF"", ""PDL"", ""PDV"", ""PEF"", ""PKC"", ""PPO"", ""PSC"", ""P9C"", ""QKX"", ""RAE"", ""RFD"", ""RSR"", ""R6Q"", ""R7I"", ""R7M"", ""R7N"", ""R9M"", ""R9N"", ""SLM"", ""S76"", ""TCP"", ""TDA"", ""TQ5"", ""TUI"", ""TUJ"", ""TVR"", ""TW8"", ""T4L"", ""T4Y"", ""T8Z"", ""T95"", ""UAR"", ""UCB"", ""UCV"", ""UEC"", ""UEN"", ""UEU"", ""UE1"", ""UFB"", ""UF2"", ""UGD"", ""UGN"", ""UG1"", ""UHO"", ""UH0"", ""UIT"", ""UKI"", ""UKK"", ""UKL"", ""UKT"", ""UKZ"", ""ULM"", ""UMN"", ""UOW"", ""UQH"", ""URB"", ""USK"", ""US3"", ""UTJ"", ""UTR"", ""UTU"", ""UTV"", ""UVX"", ""UVZ"", ""UV2"", ""UV3"", ""UW9"", ""U08"", ""U2K"", ""U5G"", ""VHM"", ""VRD"", ""VRF"", ""VRG"", ""VRH"", ""VRJ"", ""VRK"", ""VRL"", ""VRM"", ""VRN"", ""VRR"", ""VV4"", ""V8D"", ""WD0"", ""WMZ"", ""XFD"", ""XL8"", ""XVR"", ""X0E"", ""YM8"", ""Y7C"", ""0A5"", ""0DS"", ""0ST"", ""03W"", ""04Z"", ""05Y"", ""06W"", ""07W"", ""1NF"", ""1SC"", ""1SZ"", ""2NF"", ""2ST"", ""3ST"", ""4MD"", ""4ST"", ""5A7"", ""5FC"", ""5ST"", ""6X1"", ""7X1"", ""8X2"", ""9L3"", ""9X2""]}"
1G6MG5R15SU110031,2025,CELESTIQ,SEDAN,Invitational,None,None,AWD,BARBED WIRE METALLIC,410035,GENERAL MOTORS LLC,"WARREN, MI 48092-2709",DDPSHB,"{""maker"": ""CADILLAC"", ""model_year"": ""2025"", ""mmc_code"": ""6G279"", ""vin"": ""1G6MG5R15SU110031"", ""sitedealer_code"": ""31111"", ""sell_source"": ""12"", ""order_number"": ""DDPSHB"", ""creation_date"": ""1/28/2026"", ""Options"":[""ACD"", ""AF6"", ""AGG"", ""AHE"", ""AHH"", ""AKE"", ""AKP"", ""AL0"", ""AQA"", ""ARF"", ""AR9"", ""AT8"", ""AVK"", ""AVU"", ""AXJ"", ""AYG"", ""A06"", ""A2X"", ""A7K"", ""BOR"", ""B3V"", ""B53"", ""B7G"", ""B9I"", ""B92"", ""CEG"", ""CE1"", ""CHQ"", ""CTB"", ""CWA"", ""C24"", ""C50"", ""C70"", ""DAE"", ""DDE"", ""DLY"", ""DRZ"", ""EAU"", ""EF3"", ""EF7"", ""EHT"", ""EMI"", ""EN0"", ""EPH"", ""EZV"", ""EZZ"", ""FAC"", ""FCL"", ""FE9"", ""FJP"", ""F47"", ""F55"", ""GNO"", ""GPV"", ""HS1"", ""IKP"", ""ISA"", ""IVE"", ""JFR"", ""J25"", ""KAG"", ""KB6"", ""KD5"", ""KEJ"", ""KI8"", ""KRV"", ""KSG"", ""K2O"", ""K3Z"", ""K4C"", ""K6L"", ""LHD"", ""MAH"", ""MF1"", ""NAM"", ""NF6"", ""NKR"", ""NYS"", ""N38"", ""N5X"", ""OAR"", ""PB4"", ""PCN"", ""PCU"", ""PDV"", ""PPO"", ""PSC"", ""P9C"", ""QKI"", ""RAE"", ""RCM"", ""RFD"", ""RSR"", ""RWH"", ""R7M"", ""R7N"", ""R9M"", ""R9N"", ""SLM"", ""S76"", ""TCP"", ""TDA"", ""TQ5"", ""TUI"", ""TUJ"", ""TVR"", ""TW8"", ""T4L"", ""T4Y"", ""T8Z"", ""T95"", ""UAR"", ""UCB"", ""UCV"", ""UEC"", ""UEN"", ""UEU"", ""UE1"", ""UFB"", ""UF2"", ""UGD"", ""UGN"", ""UG1"", ""UHO"", ""UH0"", ""UIT"", ""UKI"", ""UKK"", ""UKL"", ""UKT"", ""UKZ"", ""ULM"", ""UMN"", ""UOW"", ""UQH"", ""URB"", ""USK"", ""US3"", ""UTJ"", ""UTR"", ""UTU"", ""UTV"", ""UVX"", ""UVZ"", ""UV2"", ""UV3"", ""UW9"", ""U08"", ""U2K"", ""U5G"", ""VHM"", ""VRD"", ""VRF"", ""VRG"", ""VRH"", ""VRJ"", ""VRK"", ""VRL"", ""VRM"", ""VRN"", ""VRR"", ""VV4"", ""V8D"", ""WD0"", ""WMZ"", ""XFD"", ""XL8"", ""XVR"", ""X0E"", ""YM8"", ""Y7C"", ""0A6"", ""0DT"", ""0K0"", ""0ST"", ""03X"", ""05Z"", ""06X"", ""07X"", ""1NF"", ""1SC"", ""1SZ"", ""2NF"", ""2ST"", ""3ST"", ""4NK"", ""4ST"", ""5A7"", ""5FC"", ""5ST"", ""6X1"", ""7X1"", ""8X2"", ""9L3"", ""9X2""]}"
1G6MG5R17SU110032,2025,CELESTIQ,SEDAN,Invitational,None,None,AWD,BLACK RAVEN,367655,GENERAL MOTORS LLC,"WARREN, MI 48092-2709",DDPSHV,"{""maker"": ""CADILLAC"", ""model_year"": ""2025"", ""mmc_code"": ""6G279"", ""vin"": ""1G6MG5R17SU110032"", ""sitedealer_code"": ""31111"", ""sell_source"": ""12"", ""order_number"": ""DDPSHV"", ""creation_date"": ""1/28/2026"", ""Options"":[""ACD"", ""AF6"", ""AGG"", ""AHE"", ""AHH"", ""AKE"", ""AKP"", ""AL0"", ""AQA"", ""ARF"", ""AR9"", ""AT8"", ""AVK"", ""AVU"", ""AXJ"", ""AYG"", ""A06"", ""A2X"", ""A7K"", ""BOR"", ""B3V"", ""B5B"", ""B5C"", ""B7G"", ""B92"", ""CEG"", ""CE1"", ""CHQ"", ""CTB"", ""CWA"", ""C24"", ""C50"", ""C70"", ""DAE"", ""DDE"", ""DLY"", ""DRZ"", ""EAU"", ""EF3"", ""EF7"", ""EHT"", ""EMI"", ""EN0"", ""EPH"", ""EZV"", ""EZZ"", ""FAB"", ""FE9"", ""FJP"", ""F47"", ""F55"", ""GBA"", ""GPV"", ""HS1"", ""IKP"", ""ISA"", ""IVE"", ""JFR"", ""J25"", ""KAG"", ""KB6"", ""KD5"", ""KEJ"", ""KI8"", ""KRV"", ""KSG"", ""K2O"", ""K3Z"", ""K4C"", ""K6L"", ""LHD"", ""MAH"", ""MF1"", ""NAM"", ""NF6"", ""NKR"", ""NYS"", ""N38"", ""N5X"", ""OAR"", ""PB4"", ""PCN"", ""PCU"", ""PDV"", ""PPO"", ""PSC"", ""P9C"", ""QKI"", ""RAE"", ""RCM"", ""RFD"", ""RSR"", ""RWH"", ""R7M"", ""R7N"", ""R9M"", ""R9N"", ""SLM"", ""S76"", ""TCP"", ""TDA"", ""TQ5"", ""TUI"", ""TUJ"", ""TVR"", ""TW8"", ""T4L"", ""T4Y"", ""T8Z"", ""T95"", ""UAR"", ""UCB"", ""UCV"", ""UEC"", ""UEN"", ""UEU"", ""UE1"", ""UFB"", ""UF2"", ""UGD"", ""UGN"", ""UG1"", ""UHO"", ""UH0"", ""UIT"", ""UKI"", ""UKK"", ""UKL"", ""UKT"", ""UKZ"", ""ULM"", ""UMN"", ""UOW"", ""UQH"", ""URB"", ""USK"", ""US3"", ""UTJ"", ""UTR"", ""UTU"", ""UTV"", ""UVX"", ""UVZ"", ""UV2"", ""UV3"", ""UW9"", ""U08"", ""U2K"", ""U5G"", ""VHM"", ""VRD"", ""VRF"", ""VRG"", ""VRH"", ""VRJ"", ""VRK"", ""VRL"", ""VRM"", ""VRN"", ""VRR"", ""VV4"", ""V8D"", ""WD0"", ""WMZ"", ""XFD"", ""XL8"", ""XVR"", ""X0E"", ""YM8"", ""Y7C"", ""0ST"", ""01G"", ""02G"", ""037"", ""04P"", ""05I"", ""06N"", ""07C"", ""1NF"", ""1SC"", ""1SZ"", ""2NF"", ""2ST"", ""3ST"", ""4NK"", ""4ST"", ""5A7"", ""5FC"", ""5ST"", ""6X1"", ""7X1"", ""8X2"", ""9L3"", ""9X2""]}"
